BPR,pi_f,F_over_mdot0_N_s_per_kg,TSFC_lb_per_lbf_h
0,1,759.413,1.03827
1,1.15,395.124,0.997756
1,1.175,397.496,0.991804
1,1.2,399.771,0.986158
1,1.225,401.959,0.980791
1,1.25,404.065,0.97568
1,1.275,406.094,0.970804
1,1.3,408.052,0.966145
1,1.325,409.944,0.961688
1,1.35,411.771,0.95742
1,1.375,413.538,0.953329
1,1.4,415.247,0.949405
1,1.425,416.902,0.945637
1,1.45,418.504,0.942016
1,1.475,420.057,0.938534
1,1.5,421.562,0.935183
1,1.525,423.022,0.931956
1,1.55,424.438,0.928846
1,1.575,425.813,0.925846
1,1.6,427.149,0.922952
1,1.625,428.446,0.920156
1,1.65,429.707,0.917456
1,1.675,430.934,0.914845
1,1.7,432.126,0.91232
1,1.725,433.287,0.909877
1,1.75,434.416,0.907511
1,1.775,435.516,0.905219
1,1.8,436.588,0.902998
1,1.825,437.631,0.900844
1,1.85,438.649,0.898755
1,1.875,439.641,0.896727
1,1.9,440.608,0.894759
1,1.925,441.551,0.892847
1,1.95,442.472,0.89099
1,1.975,443.37,0.889185
1,2,444.247,0.887429
1,2.025,445.103,0.885722
1,2.05,445.94,0.884061
1,2.075,446.757,0.882444
1,2.1,447.555,0.88087
1,2.125,448.335,0.879337
1,2.15,449.098,0.877843
1,2.175,449.844,0.876388
1,2.2,450.573,0.874969
1,2.225,451.287,0.873586
1,2.25,451.985,0.872237
1,2.275,452.668,0.870921
1,2.3,453.336,0.869637
1,2.325,453.99,0.868383
1,2.35,454.631,0.86716
1,2.375,455.258,0.865965
1,2.4,455.872,0.864798
1,2.425,456.474,0.863659
1,2.45,457.063,0.862545
1,2.475,457.641,0.861456
1,2.5,458.207,0.860392
1,2.525,458.761,0.859352
1,2.55,459.305,0.858335
1,2.575,459.838,0.85734
1,2.6,460.361,0.856367
1,2.625,460.873,0.855415
1,2.65,461.375,0.854483
1,2.675,461.868,0.853572
1,2.7,462.352,0.852679
1,2.725,462.826,0.851805
1,2.75,463.291,0.85095
1,2.775,463.748,0.850112
1,2.8,464.196,0.849291
1,2.825,464.636,0.848488
1,2.85,465.067,0.8477
1,2.875,465.491,0.846928
1,2.9,465.907,0.846172
1,2.925,466.316,0.845431
1,2.95,466.717,0.844705
1,2.975,467.11,0.843993
1,3,467.497,0.843295
1,3.025,467.877,0.84261
1,3.05,468.25,0.841939
1,3.075,468.616,0.841281
1,3.1,468.976,0.840635
1,3.125,469.33,0.840002
1,3.15,469.677,0.83938
1,3.175,470.018,0.838771
1,3.2,470.354,0.838173
1,3.225,470.683,0.837586
1,3.25,471.007,0.83701
1,3.275,471.326,0.836445
1,3.3,471.638,0.83589
1,3.325,471.946,0.835345
1,3.35,472.248,0.834811
1,3.375,472.545,0.834286
1,3.4,472.837,0.833771
1,3.425,473.124,0.833265
1,3.45,473.406,0.832768
1,3.475,473.684,0.83228
1,3.5,473.957,0.831801
1,3.525,474.225,0.831331
1,3.55,474.488,0.830869
1,3.575,474.748,0.830415
1,3.6,475.002,0.82997
1,3.625,475.253,0.829532
1,3.65,475.5,0.829102
1,3.675,475.742,0.82868
1,3.7,475.98,0.828265
1,3.725,476.215,0.827857
1,3.75,476.445,0.827457
1,3.775,476.672,0.827063
1,3.8,476.895,0.826676
1,3.825,477.114,0.826297
1,3.85,477.33,0.825923
1,3.875,477.542,0.825557
1,3.9,477.75,0.825196
1,3.925,477.955,0.824842
1,3.95,478.157,0.824494
1,3.975,478.355,0.824152
1,4,478.55,0.823816
1,4.025,478.742,0.823486
1,4.05,478.931,0.823162
1,4.075,479.117,0.822843
1,4.1,479.299,0.82253
1,4.125,479.478,0.822222
1,4.15,479.655,0.821919
1,4.175,479.829,0.821622
1,4.2,479.999,0.82133
1,4.225,480.167,0.821043
1,4.25,480.332,0.820761
1,4.275,480.494,0.820483
1,4.3,480.654,0.820211
1,4.325,480.811,0.819943
1,4.35,480.965,0.81968
1,4.375,481.117,0.819422
1,4.4,481.266,0.819168
1,4.425,481.413,0.818918
1,4.45,481.557,0.818673
1,4.475,481.699,0.818432
1,4.5,481.838,0.818196
1,4.525,481.975,0.817963
1,4.55,482.109,0.817735
1,4.575,482.242,0.817511
1,4.6,482.372,0.81729
1,4.625,482.5,0.817074
1,4.65,482.625,0.816861
1,4.675,482.749,0.816652
1,4.7,482.87,0.816447
1,4.725,482.989,0.816246
1,4.75,483.106,0.816048
1,4.775,483.221,0.815854
1,4.8,483.334,0.815663
1,4.825,483.445,0.815476
1,4.85,483.554,0.815292
1,4.875,483.661,0.815112
1,4.9,483.766,0.814935
1,4.925,483.869,0.814761
1,4.95,483.97,0.814591
1,4.975,484.07,0.814423
1,5,484.167,0.814259
1,5.025,484.263,0.814098
1,5.05,484.357,0.81394
1,5.075,484.45,0.813785
1,5.1,484.54,0.813633
1,5.125,484.629,0.813484
1,5.15,484.716,0.813337
1,5.175,484.801,0.813194
1,5.2,484.885,0.813054
1,5.225,484.967,0.812916
1,5.25,485.048,0.812781
1,5.275,485.127,0.812649
1,5.3,485.204,0.812519
1,5.325,485.28,0.812392
1,5.35,485.354,0.812268
1,5.375,485.427,0.812146
1,5.4,485.498,0.812027
1,5.425,485.568,0.81191
1,5.45,485.636,0.811796
1,5.475,485.703,0.811684
1,5.5,485.769,0.811575
1,5.525,485.833,0.811468
1,5.55,485.895,0.811364
1,5.575,485.956,0.811261
1,5.6,486.016,0.811162
1,5.625,486.075,0.811064
1,5.65,486.132,0.810969
1,5.675,486.188,0.810875
1,5.7,486.242,0.810785
1,5.725,486.295,0.810696
1,5.75,486.347,0.810609
1,5.775,486.398,0.810525
1,5.8,486.447,0.810442
1,5.825,486.496,0.810362
1,5.85,486.543,0.810284
1,5.875,486.588,0.810208
1,5.9,486.633,0.810134
1,5.925,486.676,0.810062
1,5.95,486.718,0.809991
1,5.975,486.759,0.809923
1,6,486.799,0.809857
1,6.025,486.838,0.809792
1,6.05,486.876,0.80973
1,6.075,486.912,0.809669
1,6.1,486.947,0.80961
1,6.125,486.982,0.809553
1,6.15,487.015,0.809498
1,6.175,487.047,0.809445
1,6.2,487.078,0.809393
1,6.225,487.108,0.809343
1,6.25,487.137,0.809295
1,6.275,487.165,0.809249
1,6.3,487.192,0.809204
1,6.325,487.218,0.809161
1,6.35,487.243,0.809119
1,6.375,487.267,0.80908
1,6.4,487.29,0.809042
1,6.425,487.312,0.809005
1,6.45,487.333,0.80897
1,6.475,487.353,0.808937
1,6.5,487.372,0.808905
1,6.525,487.39,0.808875
1,6.55,487.407,0.808846
1,6.575,487.424,0.808819
1,6.6,487.439,0.808793
1,6.625,487.454,0.808769
1,6.65,487.467,0.808747
1,6.675,487.48,0.808726
1,6.7,487.492,0.808706
1,6.725,487.503,0.808687
1,6.75,487.513,0.808671
1,6.775,487.523,0.808655
1,6.8,487.531,0.808641
1,6.825,487.539,0.808628
1,6.85,487.546,0.808617
1,6.875,487.552,0.808607
1,6.9,487.557,0.808599
1,6.925,487.561,0.808591
1,6.95,487.565,0.808586
1,6.975,487.567,0.808581
1,7,487.569,0.808578
1,7.025,487.571,0.808576
1,7.05,487.571,0.808575
1,7.075,487.571,0.808576
1,7.1,487.57,0.808577
1,7.125,487.568,0.808581
1,7.15,487.565,0.808585
1,7.175,487.562,0.80859
1,7.2,487.558,0.808597
1,7.225,487.553,0.808605
1,7.25,487.547,0.808614
1,7.275,487.541,0.808625
1,7.3,487.534,0.808636
1,7.325,487.526,0.808649
1,7.35,487.518,0.808663
1,7.375,487.509,0.808678
1,7.4,487.499,0.808694
1,7.425,487.489,0.808711
1,7.45,487.478,0.80873
1,7.475,487.466,0.808749
1,7.5,487.453,0.80877
1,7.525,487.44,0.808792
1,7.55,487.427,0.808815
1,7.575,487.412,0.808839
1,7.6,487.397,0.808864
1,7.625,487.381,0.80889
1,7.65,487.365,0.808917
1,7.675,487.348,0.808945
1,7.7,487.33,0.808974
1,7.725,487.312,0.809004
1,7.75,487.293,0.809036
1,7.775,487.274,0.809068
1,7.8,487.254,0.809101
1,7.825,487.233,0.809136
1,7.85,487.212,0.809171
1,7.875,487.19,0.809207
1,7.9,487.168,0.809245
1,7.925,487.144,0.809283
1,7.95,487.121,0.809322
1,7.975,487.097,0.809362
2,1.15,273.647,0.960452
2,1.175,276.792,0.949539
2,1.2,279.808,0.939305
2,1.225,282.704,0.929685
2,1.25,285.488,0.920618
2,1.275,288.168,0.912055
2,1.3,290.751,0.903951
2,1.325,293.243,0.89627
2,1.35,295.648,0.88898
2,1.375,297.97,0.882053
2,1.4,300.213,0.875462
2,1.425,302.381,0.869185
2,1.45,304.478,0.863199
2,1.475,306.506,0.857487
2,1.5,308.47,0.852029
2,1.525,310.371,0.84681
2,1.55,312.212,0.841816
2,1.575,313.997,0.837032
2,1.6,315.726,0.832446
2,1.625,317.404,0.828047
2,1.65,319.031,0.823823
2,1.675,320.61,0.819766
2,1.7,322.142,0.815866
2,1.725,323.63,0.812115
2,1.75,325.076,0.808505
2,1.775,326.479,0.805028
2,1.8,327.843,0.801679
2,1.825,329.169,0.79845
2,1.85,330.458,0.795336
2,1.875,331.711,0.792331
2,1.9,332.93,0.78943
2,1.925,334.116,0.786629
2,1.95,335.269,0.783922
2,1.975,336.392,0.781306
2,2,337.484,0.778777
2,2.025,338.548,0.776331
2,2.05,339.583,0.773964
2,2.075,340.591,0.771673
2,2.1,341.573,0.769455
2,2.125,342.529,0.767307
2,2.15,343.461,0.765226
2,2.175,344.368,0.76321
2,2.2,345.252,0.761256
2,2.225,346.113,0.759362
2,2.25,346.952,0.757526
2,2.275,347.77,0.755744
2,2.3,348.567,0.754016
2,2.325,349.344,0.75234
2,2.35,350.101,0.750713
2,2.375,350.838,0.749135
2,2.4,351.558,0.747602
2,2.425,352.258,0.746114
2,2.45,352.942,0.74467
2,2.475,353.608,0.743267
2,2.5,354.257,0.741905
2,2.525,354.89,0.740582
2,2.55,355.507,0.739298
2,2.575,356.108,0.738049
2,2.6,356.694,0.736837
2,2.625,357.265,0.735659
2,2.65,357.821,0.734515
2,2.675,358.364,0.733403
2,2.7,358.892,0.732324
2,2.725,359.407,0.731274
2,2.75,359.909,0.730255
2,2.775,360.397,0.729265
2,2.8,360.873,0.728303
2,2.825,361.337,0.727368
2,2.85,361.789,0.726461
2,2.875,362.228,0.725579
2,2.9,362.656,0.724723
2,2.925,363.073,0.723891
2,2.95,363.478,0.723084
2,2.975,363.872,0.7223
2,3,364.256,0.721539
2,3.025,364.629,0.720801
2,3.05,364.992,0.720084
2,3.075,365.345,0.719389
2,3.1,365.688,0.718715
2,3.125,366.021,0.718061
2,3.15,366.344,0.717426
2,3.175,366.659,0.716812
2,3.2,366.963,0.716216
2,3.225,367.259,0.715639
2,3.25,367.546,0.71508
2,3.275,367.825,0.714539
2,3.3,368.094,0.714016
2,3.325,368.355,0.71351
2,3.35,368.608,0.71302
2,3.375,368.853,0.712547
2,3.4,369.09,0.71209
2,3.425,369.319,0.711648
2,3.45,369.54,0.711223
2,3.475,369.753,0.710812
2,3.5,369.959,0.710416
2,3.525,370.158,0.710035
2,3.55,370.349,0.709669
2,3.575,370.533,0.709316
2,3.6,370.71,0.708977
2,3.625,370.88,0.708652
2,3.65,371.043,0.708341
2,3.675,371.2,0.708042
2,3.7,371.35,0.707757
2,3.725,371.493,0.707484
2,3.75,371.629,0.707224
2,3.775,371.76,0.706976
2,3.8,371.884,0.70674
2,3.825,372.002,0.706516
2,3.85,372.113,0.706304
2,3.875,372.219,0.706104
2,3.9,372.319,0.705915
2,3.925,372.412,0.705737
2,3.95,372.5,0.70557
2,3.975,372.582,0.705415
2,4,372.659,0.70527
2,4.025,372.73,0.705136
2,4.05,372.795,0.705012
2,4.075,372.855,0.704899
2,4.1,372.91,0.704796
2,4.125,372.959,0.704703
2,4.15,373.003,0.70462
2,4.175,373.041,0.704547
2,4.2,373.075,0.704484
2,4.225,373.103,0.70443
2,4.25,373.127,0.704386
2,4.275,373.145,0.704351
2,4.3,373.158,0.704326
2,4.325,373.167,0.70431
2,4.35,373.171,0.704303
2,4.375,373.17,0.704305
2,4.4,373.164,0.704316
2,4.425,373.153,0.704336
2,4.45,373.138,0.704364
2,4.475,373.118,0.704401
2,4.5,373.094,0.704447
2,4.525,373.065,0.704502
2,4.55,373.032,0.704564
2,4.575,372.995,0.704635
2,4.6,372.953,0.704715
2,4.625,372.906,0.704802
2,4.65,372.856,0.704898
2,4.675,372.801,0.705002
2,4.7,372.741,0.705114
2,4.725,372.678,0.705234
2,4.75,372.611,0.705361
2,4.775,372.539,0.705497
2,4.8,372.463,0.70564
2,4.825,372.384,0.705791
2,4.85,372.3,0.70595
2,4.875,372.212,0.706116
2,4.9,372.121,0.70629
2,4.925,372.025,0.706471
2,4.95,371.926,0.70666
2,4.975,371.822,0.706857
2,5,371.715,0.707061
2,5.025,371.604,0.707272
2,5.05,371.49,0.70749
2,5.075,371.371,0.707716
2,5.1,371.249,0.707949
2,5.125,371.123,0.708189
2,5.15,370.993,0.708436
2,5.175,370.86,0.708691
2,5.2,370.723,0.708952
2,5.225,370.583,0.709221
2,5.25,370.439,0.709496
2,5.275,370.291,0.709779
2,5.3,370.14,0.710069
2,5.325,369.986,0.710366
2,5.35,369.828,0.710669
2,5.375,369.666,0.71098
2,5.4,369.501,0.711297
2,5.425,369.333,0.711622
2,5.45,369.161,0.711953
2,5.475,368.986,0.712291
2,5.5,368.807,0.712636
2,5.525,368.625,0.712987
2,5.55,368.44,0.713346
2,5.575,368.252,0.713711
2,5.6,368.06,0.714083
2,5.625,367.865,0.714462
2,5.65,367.666,0.714847
2,5.675,367.465,0.715239
2,5.7,367.26,0.715638
2,5.725,367.052,0.716044
2,5.75,366.84,0.716457
2,5.775,366.626,0.716876
2,5.8,366.408,0.717301
2,5.825,366.187,0.717734
2,5.85,365.963,0.718173
2,5.875,365.736,0.718619
2,5.9,365.506,0.719072
2,5.925,365.273,0.719531
2,5.95,365.037,0.719997
2,5.975,364.797,0.720469
2,6,364.555,0.720949
2,6.025,364.309,0.721435
2,6.05,364.06,0.721927
2,6.075,363.809,0.722427
2,6.1,363.554,0.722933
2,6.125,363.296,0.723445
2,6.15,363.036,0.723965
2,6.175,362.772,0.724491
2,6.2,362.505,0.725024
2,6.225,362.236,0.725564
2,6.25,361.963,0.72611
2,6.275,361.688,0.726663
2,6.3,361.409,0.727223
2,6.325,361.128,0.72779
2,6.35,360.844,0.728363
2,6.375,360.556,0.728943
2,6.4,360.266,0.72953
2,6.425,359.973,0.730124
2,6.45,359.677,0.730725
2,6.475,359.378,0.731333
2,6.5,359.077,0.731947
2,6.525,358.772,0.732568
2,6.55,358.465,0.733197
2,6.575,358.154,0.733832
2,6.6,357.841,0.734474
2,6.625,357.525,0.735123
2,6.65,357.206,0.735779
2,6.675,356.885,0.736442
2,6.7,356.56,0.737113
2,6.725,356.233,0.73779
2,6.75,355.903,0.738474
2,6.775,355.57,0.739165
2,6.8,355.234,0.739864
2,6.825,354.896,0.74057
2,6.85,354.555,0.741283
2,6.875,354.21,0.742003
2,6.9,353.864,0.74273
2,6.925,353.514,0.743465
2,6.95,353.162,0.744207
2,6.975,352.806,0.744956
2,7,352.448,0.745712
2,7.025,352.088,0.746476
2,7.05,351.724,0.747248
2,7.075,351.358,0.748027
2,7.1,350.989,0.748813
2,7.125,350.617,0.749607
2,7.15,350.243,0.750409
2,7.175,349.865,0.751218
2,7.2,349.485,0.752034
2,7.225,349.103,0.752859
2,7.25,348.717,0.753691
2,7.275,348.329,0.754531
2,7.3,347.938,0.755379
2,7.325,347.544,0.756234
2,7.35,347.148,0.757098
2,7.375,346.749,0.75797
2,7.4,346.346,0.75885
2,7.425,345.941,0.759739
2,7.45,345.534,0.760636
2,7.475,345.123,0.761541
2,7.5,344.709,0.762455
2,7.525,344.292,0.763378
2,7.55,343.873,0.764309
2,7.575,343.45,0.76525
2,7.6,343.024,0.7662
2,7.625,342.596,0.767158
2,7.65,342.164,0.768127
2,7.675,341.729,0.769104
2,7.7,341.291,0.770091
2,7.725,340.85,0.771088
2,7.75,340.405,0.772095
2,7.775,339.958,0.773111
2,7.8,339.507,0.774138
2,7.825,339.053,0.775175
2,7.85,338.595,0.776222
2,7.875,338.134,0.77728
2,7.9,337.67,0.778349
2,7.925,337.202,0.779429
2,7.95,336.731,0.780519
2,7.975,336.257,0.781621
4,1.15,176.375,0.894088
4,1.175,180.107,0.875565
4,1.2,183.676,0.85855
4,1.225,187.095,0.842862
4,1.25,190.373,0.828346
4,1.275,193.521,0.814874
4,1.3,196.545,0.802334
4,1.325,199.453,0.790637
4,1.35,202.25,0.779704
4,1.375,204.941,0.769466
4,1.4,207.53,0.759865
4,1.425,210.023,0.750846
4,1.45,212.424,0.742361
4,1.475,214.735,0.73437
4,1.5,216.962,0.726833
4,1.525,219.107,0.719718
4,1.55,221.173,0.712994
4,1.575,223.164,0.706633
4,1.6,225.082,0.70061
4,1.625,226.931,0.694904
4,1.65,228.712,0.689493
4,1.675,230.427,0.68436
4,1.7,232.08,0.679486
4,1.725,233.672,0.674858
4,1.75,235.204,0.67046
4,1.775,236.68,0.666279
4,1.8,238.101,0.662304
4,1.825,239.467,0.658524
4,1.85,240.782,0.654929
4,1.875,242.046,0.651509
4,1.9,243.261,0.648255
4,1.925,244.428,0.645161
4,1.95,245.548,0.642218
4,1.975,246.622,0.63942
4,2,247.652,0.63676
4,2.025,248.639,0.634232
4,2.05,249.584,0.631832
4,2.075,250.487,0.629553
4,2.1,251.35,0.627392
4,2.125,252.173,0.625344
4,2.15,252.958,0.623405
4,2.175,253.704,0.621571
4,2.2,254.413,0.619838
4,2.225,255.086,0.618204
4,2.25,255.723,0.616665
4,2.275,256.324,0.615218
4,2.3,256.89,0.613861
4,2.325,257.423,0.612592
4,2.35,257.921,0.611407
4,2.375,258.387,0.610306
4,2.4,258.82,0.609285
4,2.425,259.22,0.608344
4,2.45,259.589,0.60748
4,2.475,259.926,0.606691
4,2.5,260.233,0.605977
4,2.525,260.508,0.605337
4,2.55,260.753,0.604768
4,2.575,260.968,0.60427
4,2.6,261.153,0.603842
4,2.625,261.309,0.603482
4,2.65,261.435,0.603191
4,2.675,261.532,0.602967
4,2.7,261.6,0.60281
4,2.725,261.639,0.602719
4,2.75,261.65,0.602694
4,2.775,261.633,0.602734
4,2.8,261.587,0.602839
4,2.825,261.514,0.603009
4,2.85,261.412,0.603243
4,2.875,261.283,0.603542
4,2.9,261.125,0.603906
4,2.925,260.94,0.604334
4,2.95,260.727,0.604827
4,2.975,260.487,0.605385
4,3,260.219,0.606008
4,3.025,259.924,0.606697
4,3.05,259.601,0.607452
4,3.075,259.25,0.608273
4,3.1,258.872,0.609162
4,3.125,258.467,0.610118
4,3.15,258.033,0.611142
4,3.175,257.572,0.612238
4,3.2,257.081,0.613406
4,3.225,256.561,0.61465
4,3.25,256.01,0.615973
4,3.275,255.427,0.617378
4,3.3,254.812,0.618869
4,3.325,254.163,0.620449
4,3.35,253.479,0.622123
4,3.375,252.758,0.623897
4,3.4,252,0.625775
4,3.425,251.201,0.627764
4,3.45,250.361,0.629872
4,3.475,249.476,0.632106
4,3.5,248.544,0.634475
4,3.525,247.563,0.636989
4,3.55,246.529,0.639661
4,3.575,245.438,0.642504
4,3.6,244.286,0.645534
4,3.625,243.068,0.648769
4,3.65,241.778,0.652231
4,3.675,240.409,0.655946
4,3.7,238.952,0.659946
4,3.725,237.397,0.664267
4,3.75,235.732,0.668959
4,3.775,233.941,0.67408
4,3.8,232.005,0.679707
4,3.825,229.895,0.685943
4,3.85,227.578,0.692927
4,3.875,225.002,0.700861
4,3.9,222.09,0.710049
4,3.925,218.72,0.720991
4,3.95,214.662,0.734622
4,3.975,209.391,0.753114
4,4,200.793,0.785362
6,1.15,134.594,0.836879
6,1.175,138.542,0.813035
6,1.2,142.307,0.791525
6,1.225,145.902,0.772022
6,1.25,149.337,0.754262
6,1.275,152.623,0.738025
6,1.3,155.767,0.723129
6,1.325,158.776,0.709425
6,1.35,161.655,0.696788
6,1.375,164.41,0.685111
6,1.4,167.046,0.674301
6,1.425,169.567,0.664277
6,1.45,171.976,0.65497
6,1.475,174.279,0.646317
6,1.5,176.477,0.638266
6,1.525,178.575,0.630767
6,1.55,180.575,0.62378
6,1.575,182.481,0.617267
6,1.6,184.294,0.611194
6,1.625,186.017,0.605533
6,1.65,187.652,0.600256
6,1.675,189.201,0.595342
6,1.7,190.666,0.590767
6,1.725,192.049,0.586515
6,1.75,193.35,0.582567
6,1.775,194.572,0.578909
6,1.8,195.715,0.575527
6,1.825,196.781,0.572411
6,1.85,197.77,0.569547
6,1.875,198.683,0.566929
6,1.9,199.522,0.564546
6,1.925,200.286,0.562392
6,1.95,200.976,0.560461
6,1.975,201.593,0.558746
6,2,202.137,0.557244
6,2.025,202.607,0.55595
6,2.05,203.004,0.554861
6,2.075,203.329,0.553976
6,2.1,203.58,0.553292
6,2.125,203.758,0.552809
6,2.15,203.863,0.552526
6,2.175,203.893,0.552444
6,2.2,203.849,0.552564
6,2.225,203.729,0.552888
6,2.25,203.534,0.553418
6,2.275,203.26,0.554165
6,2.3,202.902,0.555141
6,2.325,202.456,0.556363
6,2.35,201.916,0.557852
6,2.375,201.274,0.559633
6,2.4,200.519,0.561738
6,2.425,199.642,0.564206
6,2.45,198.627,0.567089
6,2.475,197.456,0.570454
6,2.5,196.103,0.574389
6,2.525,194.535,0.579018
6,2.55,192.705,0.584517
6,2.575,190.542,0.591153
6,2.6,187.932,0.599363
6,2.625,184.67,0.609949
6,2.65,180.308,0.624706
6,2.675,173.293,0.649995
8,1.15,111.304,0.787112
8,1.175,115.339,0.759573
8,1.2,119.174,0.735128
8,1.225,122.822,0.713298
8,1.25,126.291,0.693703
8,1.275,129.592,0.676034
8,1.3,132.732,0.66004
8,1.325,135.717,0.645522
8,1.35,138.552,0.632312
8,1.375,141.242,0.620271
8,1.4,143.79,0.60928
8,1.425,146.2,0.599237
8,1.45,148.474,0.590057
8,1.475,150.616,0.581665
8,1.5,152.628,0.573999
8,1.525,154.511,0.567003
8,1.55,156.268,0.560629
8,1.575,157.899,0.554839
8,1.6,159.405,0.549597
8,1.625,160.787,0.544874
8,1.65,162.044,0.540644
8,1.675,163.178,0.536888
8,1.7,164.187,0.533588
8,1.725,165.071,0.53073
8,1.75,165.829,0.528305
8,1.775,166.459,0.526306
8,1.8,166.96,0.524727
8,1.825,167.329,0.52357
8,1.85,167.564,0.522834
8,1.875,167.663,0.522527
8,1.9,167.616,0.522674
8,1.925,167.409,0.523318
8,1.95,167.025,0.524522
8,1.975,166.439,0.52637
8,2,165.615,0.528988
8,2.025,164.505,0.532556
8,2.05,163.034,0.537363
8,2.075,161.076,0.543894
8,2.1,158.399,0.553085
8,2.125,154.453,0.567215
8,2.15,146.799,0.59679
10,1.15,96.4109,0.74348
10,1.175,100.472,0.713428
10,1.2,104.315,0.687148
10,1.225,107.95,0.664009
10,1.25,111.386,0.643522
10,1.275,114.633,0.625298
10,1.3,117.695,0.60903
10,1.325,120.577,0.594472
10,1.35,123.282,0.581426
10,1.375,125.813,0.569731
10,1.4,128.171,0.559251
10,1.425,130.356,0.549875
10,1.45,132.37,0.541511
10,1.475,134.211,0.534083
10,1.5,135.878,0.527529
10,1.525,137.37,0.5218
10,1.55,138.684,0.516857
10,1.575,139.816,0.512672
10,1.6,140.762,0.509226
10,1.625,141.517,0.506508
10,1.65,142.075,0.504519
10,1.675,142.428,0.503268
10,1.7,142.556,0.502816
10,1.725,142.424,0.503282
10,1.75,141.981,0.504852
10,1.775,141.147,0.507835
10,1.8,139.786,0.512779
10,1.825,137.631,0.520812
10,1.85,133.988,0.534969
10,1.875,122.955,0.582974
12,1.15,86.034,0.704977
12,1.175,90.083,0.67329
12,1.2,93.8927,0.645971
12,1.225,97.4722,0.622249
12,1.25,100.828,0.601536
12,1.275,103.967,0.583379
12,1.3,106.89,0.567424
12,1.325,109.6,0.553395
12,1.35,112.094,0.541079
12,1.375,114.372,0.530303
12,1.4,116.43,0.520932
12,1.425,118.262,0.512861
12,1.45,119.863,0.506013
12,1.475,121.224,0.500331
12,1.5,122.336,0.495783
12,1.525,123.187,0.492356
12,1.55,123.762,0.490068
12,1.575,124.022,0.489042
12,1.6,123.894,0.489547
12,1.625,123.256,0.49208
12,1.65,121.871,0.497674
12,1.675,119.143,0.509068
12,1.7,111.593,0.543509
15,1.15,75.2189,0.655151
15,1.175,79.2004,0.622216
15,1.2,82.9045,0.594415
15,1.225,86.3346,0.570799
15,1.25,89.491,0.550667
15,1.275,92.371,0.533498
15,1.3,94.9686,0.518905
15,1.325,97.2736,0.506609
15,1.35,99.2718,0.496412
15,1.375,100.945,0.488182
15,1.4,102.272,0.481848
15,1.425,103.224,0.477404
15,1.45,103.736,0.47505
15,1.475,103.657,0.475413
15,1.5,102.664,0.480011
15,1.525,99.7461,0.494051
