pair,of,Tc,M_c,gamma_s_c,gamma_fr_c,cstar_shift,cstar_froz,isp_vac_shift,isp_vac_froz,isp_sl_shift,isp_sl_froz,rho_bulk,rho_isp_vac,rho_isp_sl
LOX/LH2,2.5,2143.7,7.05431,1.2563,1.25894,2406.82,2405.69,437.226,437.014,388.115,387.937,214.522,93.7945,83.2591
LOX/LH2,2.6,2208.45,7.25527,1.25147,1.25493,2412.12,2410.59,439.187,438.891,389.657,389.409,219.472,96.3893,85.5188
LOX/LH2,2.7,2271.74,7.456,1.24673,1.25115,2416.53,2414.5,440.984,440.58,391.045,390.709,224.37,98.9434,87.7387
LOX/LH2,2.8,2333.58,7.65644,1.24207,1.24758,2420.12,2417.5,442.628,442.091,392.293,391.847,229.216,101.457,89.9197
LOX/LH2,2.9,2393.95,7.85653,1.23746,1.24421,2422.97,2419.66,444.132,443.433,393.411,392.833,234.01,103.931,92.0623
LOX/LH2,3,2452.84,8.05619,1.23291,1.24103,2425.15,2421.04,445.505,444.614,394.41,393.673,238.755,106.367,94.1673
LOX/LH2,3.1,2510.23,8.25537,1.22842,1.23802,2426.7,2421.69,446.758,445.64,395.297,394.377,243.45,108.763,96.2353
LOX/LH2,3.2,2566.11,8.45397,1.22398,1.23518,2427.67,2421.68,447.898,446.518,396.082,394.95,248.097,111.122,98.2669
LOX/LH2,3.3,2620.46,8.65192,1.2196,1.23249,2428.11,2421.03,448.932,447.255,396.772,395.399,252.696,113.443,100.263
LOX/LH2,3.4,2673.26,8.84914,1.21529,1.22994,2428.04,2419.79,449.868,447.855,397.373,395.73,257.248,115.727,102.223
LOX/LH2,3.5,2724.51,9.04555,1.21105,1.22753,2427.49,2418.01,450.711,448.326,397.89,395.95,261.753,117.975,104.149
LOX/LH2,3.6,2774.19,9.24108,1.2069,1.22524,2426.49,2415.71,451.467,448.673,398.33,396.064,266.213,120.186,106.04
LOX/LH2,3.7,2822.31,9.43564,1.20285,1.22307,2425.07,2412.93,452.14,448.901,398.696,396.077,270.627,122.361,107.898
LOX/LH2,3.8,2868.85,9.62916,1.1989,1.221,2423.23,2409.71,452.737,449.017,398.995,395.996,274.997,124.501,109.723
LOX/LH2,3.9,2913.83,9.82157,1.19506,1.21904,2421.01,2406.07,453.259,449.025,399.229,395.825,279.324,126.606,111.514
LOX/LH2,4,2957.24,10.0128,1.19134,1.21718,2418.42,2402.05,453.713,448.932,399.402,395.571,283.608,128.676,113.273
LOX/LH2,4.1,2999.11,10.2028,1.18774,1.21541,2415.47,2397.68,454.1,448.743,399.517,395.237,287.849,130.712,115.001
LOX/LH2,4.2,3039.43,10.3915,1.18427,1.21372,2412.18,2392.97,454.425,448.464,399.579,394.83,292.048,132.714,116.696
LOX/LH2,4.3,3078.24,10.5789,1.18092,1.21211,2408.57,2387.96,454.69,448.099,399.588,394.353,296.207,134.682,118.361
LOX/LH2,4.4,3115.53,10.7648,1.1777,1.21058,2404.66,2382.67,454.898,447.653,399.549,393.812,300.324,136.617,119.994
LOX/LH2,4.5,3151.35,10.9493,1.17462,1.20912,2400.45,2377.11,455.052,447.131,399.463,393.21,304.402,138.519,121.597
LOX/LH2,4.6,3185.69,11.1323,1.17165,1.20773,2395.97,2371.32,455.154,446.538,399.332,392.551,308.441,140.388,123.17
LOX/LH2,4.7,3218.59,11.3137,1.16882,1.20641,2391.22,2365.3,455.207,445.878,399.158,391.839,312.44,142.225,124.713
LOX/LH2,4.8,3250.06,11.4936,1.16611,1.20515,2386.22,2359.08,455.211,445.154,398.943,391.078,316.402,144.03,126.226
LOX/LH2,4.9,3280.12,11.6718,1.16352,1.20394,2380.99,2352.67,455.17,444.371,398.688,390.271,320.325,145.802,127.71
LOX/LH2,5,3308.8,11.8483,1.16106,1.2028,2375.54,2346.08,455.084,443.532,398.395,389.42,324.212,147.544,129.164
LOX/LH2,5.1,3336.12,12.0231,1.15871,1.2017,2369.88,2339.34,454.956,442.64,398.065,388.528,328.062,149.254,130.59
LOX/LH2,5.2,3362.09,12.1962,1.15647,1.20067,2364.01,2332.45,454.787,441.699,397.698,387.599,331.876,150.933,131.986
LOX/LH2,5.3,3386.74,12.3674,1.15435,1.19968,2357.96,2325.42,454.578,440.71,397.297,386.634,335.654,152.581,133.354
LOX/LH2,5.4,3410.09,12.5369,1.15234,1.19874,2351.72,2318.26,454.331,439.678,396.86,385.636,339.397,154.198,134.693
LOX/LH2,5.5,3432.15,12.7044,1.15044,1.19785,2345.32,2310.98,454.045,438.603,396.39,384.606,343.105,155.785,136.004
LOX/LH2,5.6,3452.94,12.87,1.14864,1.19701,2338.75,2303.6,453.723,437.49,395.887,383.548,346.779,157.342,137.285
LOX/LH2,5.7,3472.49,13.0336,1.14696,1.19621,2332.03,2296.12,453.365,436.339,395.35,382.461,350.42,158.868,138.539
LOX/LH2,5.8,3490.82,13.1953,1.14537,1.19546,2325.16,2288.55,452.971,435.154,394.781,381.349,354.027,160.364,139.763
LOX/LH2,5.9,3507.94,13.3549,1.14389,1.19476,2318.16,2280.89,452.543,433.935,394.179,380.213,357.602,161.83,140.959
LOX/LH2,6,3523.88,13.5124,1.14251,1.19409,2311.02,2273.16,452.079,432.686,393.544,379.055,361.144,163.266,142.126
LOX/LH2,6.1,3538.67,13.6679,1.14122,1.19347,2303.76,2265.36,451.581,431.409,392.876,377.876,364.655,164.671,143.264
LOX/LH2,6.2,3552.32,13.8212,1.14004,1.19289,2296.38,2257.51,451.049,430.104,392.175,376.677,368.133,166.046,144.373
LOX/LH2,6.3,3564.87,13.9724,1.13894,1.19234,2288.9,2249.59,450.481,428.775,391.441,375.462,371.581,167.39,145.452
LOX/LH2,6.4,3576.33,14.1213,1.13794,1.19184,2281.31,2241.63,449.879,427.422,390.671,374.23,374.999,168.704,146.501
LOX/LH2,6.5,3586.75,14.2681,1.13703,1.19138,2273.64,2233.63,449.241,426.049,389.867,372.983,378.386,169.986,147.52
LOX/LH2,6.6,3596.16,14.4127,1.1362,1.19095,2265.88,2225.6,448.566,424.656,389.026,371.724,381.743,171.237,148.508
LOX/LH2,6.7,3604.58,14.5551,1.13546,1.19055,2258.04,2217.55,447.854,423.247,388.149,370.453,385.071,172.455,149.465
LOX/LH2,6.8,3612.05,14.6953,1.1348,1.19019,2250.14,2209.47,447.103,421.822,387.232,369.172,388.369,173.641,150.389
LOX/LH2,6.9,3618.62,14.8333,1.13421,1.18987,2242.19,2201.39,446.311,420.384,386.276,367.882,391.639,174.793,151.281
LOX/LH2,7,3624.31,14.9691,1.13369,1.18957,2234.19,2193.3,445.476,418.934,385.278,366.586,394.881,175.91,152.139
LOX/LH2,7.1,3629.16,15.1027,1.13323,1.18931,2226.16,2185.22,444.595,417.475,384.238,365.285,398.095,176.991,152.963
LOX/LH2,7.2,3633.22,15.2342,1.13284,1.18907,2218.09,2177.14,443.665,416.008,383.152,363.979,401.281,178.034,153.752
LOX/LH2,7.3,3636.52,15.3635,1.13251,1.18887,2210.02,2169.08,442.68,414.535,382.022,362.671,404.44,179.038,154.505
LOX/LH2,7.4,3639.11,15.4908,1.13223,1.18868,2201.94,2161.05,441.636,413.058,380.845,361.361,407.572,179.998,155.222
LOX/LH2,7.5,3641.02,15.616,1.13199,1.18853,2193.86,2153.04,440.522,411.578,379.625,360.052,410.678,180.913,155.904
LOX/LH2,7.6,3642.29,15.7391,1.1318,1.18839,2185.79,2145.06,439.329,410.097,378.362,358.744,413.758,181.776,156.55
LOX/LH2,7.7,3642.97,15.8603,1.13166,1.18828,2177.74,2137.13,438.041,408.617,377.063,357.438,416.811,182.58,157.164
LOX/LH2,7.8,3643.09,15.9795,1.13154,1.18819,2169.72,2129.24,436.643,407.139,375.733,356.136,419.839,183.32,157.747
LOX/LH2,7.9,3642.68,16.0969,1.13146,1.18812,2161.73,2121.39,435.133,405.663,374.379,354.838,422.842,183.993,158.303
LOX/LH2,8,3641.78,16.2123,1.13141,1.18807,2153.79,2113.6,433.537,404.193,373.008,353.546,425.82,184.609,158.834
LOX/LH2,8.1,3640.44,16.326,1.13139,1.18803,2145.9,2105.87,431.889,402.727,371.626,352.26,428.773,185.182,159.343
LOX/LH2,8.2,3638.67,16.4379,1.13138,1.18801,2138.05,2098.19,430.212,401.269,370.238,350.981,431.703,185.724,159.832
LOX/LH2,8.3,3636.5,16.5481,1.1314,1.188,2130.27,2090.58,428.522,399.818,368.848,349.71,434.608,186.239,160.304
LOX/LH2,8.4,3633.98,16.6567,1.13144,1.18801,2122.54,2083.03,426.829,398.375,367.46,348.448,437.489,186.733,160.76
LOX/LH2,8.5,3631.12,16.7636,1.13149,1.18803,2114.88,2075.55,425.138,396.941,366.076,347.195,440.347,187.208,161.2
LOX/LH2,8.6,3627.95,16.8689,1.13156,1.18806,2107.29,2068.15,423.455,395.517,364.699,345.951,443.182,187.667,161.628
LOX/LH2,8.7,3624.5,16.9727,1.13163,1.18811,2099.77,2060.81,421.78,394.104,363.33,344.718,445.994,188.111,162.043
LOX/LH2,8.8,3620.79,17.075,1.13172,1.18816,2092.32,2053.54,420.117,392.702,361.97,343.495,448.783,188.542,162.446
LOX/LH2,8.9,3616.83,17.1759,1.13182,1.18822,2084.95,2046.35,418.468,391.311,360.621,342.282,451.55,188.959,162.839
LOX/LH2,9,3612.66,17.2753,1.13193,1.18829,2077.65,2039.23,416.833,389.931,359.284,341.081,454.295,189.365,163.221
LOX/LH2,9.1,3608.28,17.3734,1.13204,1.18837,2070.43,2032.19,415.212,388.564,357.958,339.89,457.019,189.76,163.594
LOX/LH2,9.2,3603.71,17.4701,1.13216,1.18846,2063.28,2025.22,413.607,387.209,356.645,338.712,459.72,190.144,163.957
LOX/LH2,9.3,3598.97,17.5656,1.13228,1.18855,2056.21,2018.33,412.018,385.867,355.344,337.544,462.401,190.518,164.311
LOX/LH2,9.4,3594.08,17.6598,1.13242,1.18865,2049.22,2011.51,410.445,384.537,354.056,336.389,465.061,190.882,164.658
LOX/LH2,9.5,3589.04,17.7527,1.13255,1.18876,2042.31,2004.77,408.888,383.221,352.782,335.245,467.699,191.237,164.996
LOX/LH2,9.6,3583.87,17.8444,1.13269,1.18887,2035.48,1998.11,407.347,381.917,351.52,334.112,470.318,191.582,165.326
LOX/LH2,9.7,3578.59,17.935,1.13283,1.18898,2028.72,1991.52,405.823,380.626,350.271,332.992,472.915,191.92,165.649
LOX/LH2,9.8,3573.19,18.0245,1.13298,1.1891,2022.04,1985,404.314,379.349,349.036,331.883,475.493,192.249,165.964
LOX/LH2,9.9,3567.69,18.1128,1.13313,1.18922,2015.44,1978.56,402.821,378.084,347.813,330.786,478.051,192.569,166.273
LOX/LH2,10,3562.11,18.2,1.13328,1.18935,2008.91,1972.2,401.345,376.833,346.604,329.701,480.59,192.882,166.574
LOX/LCH4,2,2556.36,16.024,1.22944,1.24077,1757.96,1753.16,329.599,323.522,288.662,286.003,728.305,240.049,210.234
LOX/LCH4,2.05,2631.6,16.2839,1.22392,1.23726,1772.07,1766.39,332.386,326.754,291.305,288.664,732.649,243.522,213.424
LOX/LCH4,2.1,2704.19,16.5419,1.21839,1.23396,1785.06,1778.34,335.099,329.731,293.805,291.1,736.903,246.935,216.506
LOX/LCH4,2.15,2774.06,16.7975,1.21287,1.23087,1797,1789.08,337.73,332.46,296.16,293.32,741.069,250.281,219.475
LOX/LCH4,2.2,2841.12,17.0505,1.20739,1.22796,1807.92,1798.68,340.268,334.952,298.371,295.334,745.15,253.551,222.331
LOX/LCH4,2.25,2905.32,17.3006,1.20198,1.22522,1817.88,1807.2,342.7,337.215,300.446,297.15,749.149,256.733,225.079
LOX/LCH4,2.3,2966.61,17.5474,1.19666,1.22265,1826.91,1814.69,345.014,339.257,302.39,298.777,753.067,259.819,227.72
LOX/LCH4,2.35,3024.91,17.7908,1.19146,1.22024,1835.05,1821.2,347.205,341.086,304.209,300.223,756.908,262.802,230.258
LOX/LCH4,2.4,3080.21,18.0303,1.18639,1.21798,1842.32,1826.78,349.273,342.712,305.908,301.496,760.674,265.683,232.696
LOX/LCH4,2.45,3132.45,18.2657,1.18148,1.21585,1848.75,1831.48,351.223,344.142,307.493,302.604,764.366,268.463,235.038
LOX/LCH4,2.5,3181.61,18.4968,1.17675,1.21386,1854.37,1835.34,353.057,345.384,308.968,303.553,767.988,271.144,237.284
LOX/LCH4,2.55,3227.68,18.7233,1.17222,1.212,1859.2,1838.4,354.78,346.446,310.337,304.352,771.54,273.727,239.438
LOX/LCH4,2.6,3270.64,18.9449,1.1679,1.21026,1863.26,1840.71,356.396,347.334,311.603,305.006,775.026,276.216,241.501
LOX/LCH4,2.65,3310.51,19.1615,1.16382,1.20864,1866.57,1842.31,357.908,348.058,312.769,305.523,778.446,278.612,243.474
LOX/LCH4,2.7,3347.32,19.3728,1.16,1.20714,1869.15,1843.23,359.317,348.625,313.838,305.911,781.803,280.916,245.359
LOX/LCH4,2.75,3381.1,19.5786,1.15643,1.20575,1871.02,1843.53,360.628,349.044,314.811,306.176,785.099,283.129,247.158
LOX/LCH4,2.8,3411.93,19.7789,1.15314,1.20446,1872.21,1843.23,361.842,349.322,315.69,306.325,788.334,285.252,248.869
LOX/LCH4,2.85,3439.89,19.9736,1.15013,1.20328,1872.75,1842.39,362.961,349.47,316.477,306.368,791.511,287.288,250.495
LOX/LCH4,2.9,3465.09,20.1626,1.1474,1.2022,1872.66,1841.05,363.986,349.497,317.171,306.312,794.632,289.235,252.034
LOX/LCH4,2.95,3487.67,20.346,1.14495,1.2012,1871.99,1839.25,364.92,349.413,317.775,306.164,797.697,291.095,253.488
LOX/LCH4,3,3507.77,20.5239,1.14276,1.2003,1870.78,1837.04,365.762,349.227,318.287,305.935,800.708,292.869,254.855
LOX/LCH4,3.05,3525.55,20.6963,1.14082,1.19948,1869.07,1834.46,366.514,348.95,318.709,305.631,803.667,294.555,256.136
LOX/LCH4,3.1,3541.18,20.8634,1.13912,1.19873,1866.91,1831.56,367.176,348.59,319.039,305.261,806.576,296.155,257.329
LOX/LCH4,3.15,3554.82,21.0255,1.13762,1.19805,1864.34,1828.37,367.749,348.158,319.278,304.833,809.434,297.668,258.434
LOX/LCH4,3.2,3566.63,21.1827,1.13631,1.19744,1861.42,1824.94,368.232,347.662,319.425,304.354,812.244,299.095,259.451
LOX/LCH4,3.25,3576.78,21.3353,1.13518,1.19688,1858.2,1821.3,368.627,347.11,319.48,303.83,815.006,300.433,260.378
LOX/LCH4,3.3,3585.43,21.4835,1.13419,1.19638,1854.71,1817.48,368.931,346.509,319.443,303.268,817.723,301.683,261.216
LOX/LCH4,3.35,3592.71,21.6275,1.13334,1.19593,1851,1813.5,369.144,345.867,319.314,302.673,820.395,302.844,261.964
LOX/LCH4,3.4,3598.75,21.7675,1.1326,1.19553,1847.1,1809.41,369.264,345.189,319.096,302.05,823.023,303.913,262.623
LOX/LCH4,3.45,3603.68,21.9037,1.13196,1.19516,1843.05,1805.21,369.291,344.481,318.791,301.403,825.608,304.89,263.196
LOX/LCH4,3.5,3607.61,22.0364,1.13141,1.19483,1838.87,1800.93,369.222,343.748,318.403,300.737,828.151,305.772,263.686
LOX/LCH4,3.55,3610.63,22.1658,1.13093,1.19454,1834.59,1796.59,369.055,342.993,317.94,300.056,830.654,306.557,264.098
LOX/LCH4,3.6,3612.84,22.2919,1.13052,1.19427,1830.23,1792.19,368.786,342.221,317.409,299.361,833.117,307.242,264.439
LOX/LCH4,3.65,3614.32,22.415,1.13016,1.19404,1825.8,1787.76,368.414,341.434,316.821,298.655,835.542,307.826,264.717
LOX/LCH4,3.7,3615.14,22.5352,1.12985,1.19383,1821.33,1783.3,367.939,340.636,316.185,297.942,837.928,308.306,264.94
LOX/LCH4,3.75,3615.36,22.6527,1.12959,1.19364,1816.82,1778.83,367.362,339.829,315.51,297.222,840.277,308.686,265.116
LOX/LCH4,3.8,3615.04,22.7676,1.12936,1.19347,1812.3,1774.35,366.692,339.015,314.806,296.498,842.591,308.971,265.252
LOX/LCH4,3.85,3614.23,22.88,1.12916,1.19332,1807.76,1769.87,365.945,338.195,314.077,295.771,844.869,309.176,265.354
LOX/LCH4,3.9,3612.98,22.9901,1.129,1.19319,1803.21,1765.4,365.137,337.373,313.33,295.042,847.112,309.312,265.426
LOX/LCH4,3.95,3611.33,23.0978,1.12885,1.19308,1798.67,1760.93,364.284,336.548,312.57,294.312,849.322,309.394,265.472
LOX/LCH4,4,3609.31,23.2034,1.12874,1.19298,1794.14,1756.49,363.397,335.722,311.799,293.583,851.499,309.432,265.496
LOX/LCH4,4.05,3606.96,23.3069,1.12864,1.19289,1789.62,1752.06,362.485,334.897,311.02,292.855,853.643,309.433,265.5
LOX/LCH4,4.1,3604.31,23.4084,1.12856,1.19282,1785.13,1747.65,361.555,334.073,310.236,292.129,855.756,309.403,265.486
LOX/LCH4,4.15,3601.38,23.5079,1.1285,1.19276,1780.65,1743.27,360.612,333.25,309.449,291.405,857.838,309.346,265.457
LOX/LCH4,4.2,3598.2,23.6056,1.12845,1.19271,1776.19,1738.92,359.658,332.43,308.66,290.684,859.89,309.267,265.413
LOX/LCH4,4.25,3594.78,23.7015,1.12842,1.19267,1771.77,1734.6,358.698,331.613,307.87,289.966,861.912,309.167,265.357
LOX/LCH4,4.3,3591.16,23.7957,1.1284,1.19264,1767.37,1730.31,357.733,330.799,307.08,289.253,863.906,309.048,265.288
LOX/LCH4,4.35,3587.33,23.8882,1.12839,1.19262,1763,1726.05,356.766,329.989,306.291,288.543,865.871,308.913,265.209
LOX/LCH4,4.4,3583.33,23.979,1.12839,1.19261,1758.66,1721.82,355.796,329.184,305.504,287.838,867.809,308.763,265.119
LOX/LCH4,4.45,3579.17,24.0683,1.12841,1.1926,1754.36,1717.63,354.826,328.383,304.72,287.137,869.719,308.599,265.02
LOX/LCH4,4.5,3574.85,24.1561,1.12843,1.1926,1750.09,1713.47,353.855,327.587,303.937,286.441,871.603,308.421,264.913
LOX/LCH4,4.55,3570.39,24.2424,1.12846,1.19261,1745.85,1709.35,352.886,326.795,303.158,285.749,873.461,308.232,264.797
LOX/LCH4,4.6,3565.79,24.3272,1.1285,1.19263,1741.65,1705.26,351.919,326.009,302.382,285.063,875.293,308.032,264.673
LOX/LCH4,4.65,3561.08,24.4106,1.12855,1.19265,1737.48,1701.21,350.953,325.229,301.61,284.382,877.101,307.821,264.542
LOX/LCH4,4.7,3556.26,24.4927,1.1286,1.19267,1733.35,1697.19,349.99,324.453,300.841,283.705,878.884,307.6,264.404
LOX/LCH4,4.75,3551.33,24.5734,1.12867,1.19271,1729.25,1693.21,349.029,323.684,300.076,283.034,880.643,307.37,264.26
LOX/LCH4,4.8,3546.3,24.6528,1.12874,1.19274,1725.18,1689.26,348.071,322.919,299.315,282.368,882.379,307.131,264.109
LOX/LCH4,4.85,3541.19,24.731,1.12882,1.19279,1721.15,1685.35,347.117,322.161,298.557,281.708,884.092,306.883,263.952
LOX/LCH4,4.9,3535.99,24.808,1.1289,1.19283,1717.16,1681.47,346.166,321.408,297.804,281.052,885.782,306.628,263.789
LOX/LCH4,4.95,3530.71,24.8837,1.12899,1.19289,1713.2,1677.63,345.219,320.66,297.055,280.402,887.45,306.364,263.621
LOX/LCH4,5,3525.36,24.9582,1.12909,1.19294,1709.27,1673.83,344.275,319.918,296.309,279.757,889.096,306.094,263.448
LOX/RP-1,1.6,2717.98,18.3884,1.23962,1.25649,1686.71,1680.15,314.269,308.265,275.565,272.892,986.026,309.877,271.714
LOX/RP-1,1.65,2818.02,18.7255,1.23127,1.2518,1705.92,1697.66,318.087,312.425,279.189,276.337,988.56,314.448,275.995
LOX/RP-1,1.7,2912.69,19.0574,1.22306,1.24746,1723.21,1713.04,321.78,316.158,282.57,279.408,991.012,318.887,280.03
LOX/RP-1,1.75,3001.89,19.3835,1.21505,1.24343,1738.7,1726.43,325.331,319.487,285.698,282.127,993.386,323.179,283.809
LOX/RP-1,1.8,3085.52,19.7031,1.20729,1.23971,1752.48,1737.98,328.717,322.433,288.585,284.516,995.686,327.299,287.34
LOX/RP-1,1.85,3163.52,20.0156,1.19984,1.23626,1764.64,1747.8,331.906,325.017,291.245,286.593,997.916,331.214,290.638
LOX/RP-1,1.9,3235.85,20.3204,1.19271,1.23308,1775.26,1756.02,334.879,327.258,293.692,288.377,1000.08,334.905,293.715
LOX/RP-1,1.95,3302.49,20.6169,1.18597,1.23014,1784.39,1762.74,337.64,329.174,295.939,289.886,1002.18,338.375,296.583
LOX/RP-1,2,3363.44,20.9047,1.17963,1.22744,1792.1,1768.07,340.197,330.783,297.994,291.136,1004.21,341.63,299.249
LOX/RP-1,2.05,3418.77,21.1833,1.17373,1.22496,1798.44,1772.1,342.561,332.104,299.867,292.143,1006.19,344.681,301.723
LOX/RP-1,2.1,3468.58,21.4524,1.16831,1.2227,1803.48,1774.93,344.74,333.155,301.564,292.924,1008.11,347.536,304.01
LOX/RP-1,2.15,3513.02,21.7116,1.16339,1.22064,1807.28,1776.67,346.74,333.955,303.09,293.496,1009.98,350.2,306.114
LOX/RP-1,2.2,3552.35,21.9609,1.15898,1.21877,1809.9,1777.41,348.569,334.526,304.45,293.879,1011.79,352.68,308.041
LOX/RP-1,2.25,3586.84,22.2003,1.15509,1.21708,1811.42,1777.27,350.231,334.89,305.648,294.09,1013.56,354.98,309.792
LOX/RP-1,2.3,3616.86,22.43,1.15168,1.21555,1811.94,1776.34,351.731,335.069,306.685,294.148,1015.28,357.105,311.37
LOX/RP-1,2.35,3642.78,22.6503,1.14873,1.21417,1811.55,1774.74,353.073,335.085,307.565,294.074,1016.95,359.057,312.778
LOX/RP-1,2.4,3664.99,22.8618,1.14619,1.21292,1810.37,1772.56,354.259,334.959,308.288,293.884,1018.58,360.84,314.015
LOX/RP-1,2.45,3683.88,23.0647,1.14402,1.2118,1808.51,1769.88,355.292,334.712,308.857,293.595,1020.16,362.457,315.085
LOX/RP-1,2.5,3699.82,23.2598,1.14216,1.21079,1806.06,1766.8,356.175,334.362,309.274,293.223,1021.71,363.908,315.988
LOX/RP-1,2.55,3713.17,23.4474,1.14057,1.20987,1803.13,1763.38,356.909,333.925,309.541,292.781,1023.22,365.196,316.728
LOX/RP-1,2.6,3724.23,23.6281,1.13922,1.20904,1799.81,1759.68,357.496,333.414,309.662,292.28,1024.69,366.321,317.307
LOX/RP-1,2.65,3733.29,23.8024,1.13805,1.20829,1796.15,1755.76,357.936,332.843,309.644,291.732,1026.12,367.285,317.731
LOX/RP-1,2.7,3740.59,23.9707,1.13705,1.2076,1792.24,1751.66,358.231,332.222,309.492,291.144,1027.52,368.088,318.009
LOX/RP-1,2.75,3746.36,24.1335,1.13619,1.20697,1788.12,1747.42,358.38,331.56,309.22,290.524,1028.88,368.73,318.15
LOX/RP-1,2.8,3750.78,24.291,1.13544,1.2064,1783.85,1743.08,358.385,330.864,308.84,289.879,1030.21,369.213,318.171
LOX/RP-1,2.85,3754.02,24.4438,1.13478,1.20587,1779.45,1738.65,358.248,330.141,308.368,289.213,1031.51,369.538,318.086
LOX/RP-1,2.9,3756.22,24.592,1.13421,1.20539,1774.95,1734.17,357.973,329.397,307.823,288.531,1032.78,369.709,317.914
LOX/RP-1,2.95,3757.5,24.7359,1.1337,1.20495,1770.39,1729.65,357.568,328.636,307.217,287.837,1034.03,369.734,317.671
LOX/RP-1,3,3757.98,24.8758,1.13326,1.20454,1765.79,1725.1,357.045,327.861,306.566,287.134,1035.24,369.627,317.369
LOX/RP-1,3.05,3757.73,25.012,1.13286,1.20416,1761.16,1720.54,356.423,327.077,305.879,286.425,1036.43,369.405,317.021
LOX/RP-1,3.1,3756.85,25.1446,1.13251,1.20381,1756.51,1715.98,355.722,326.286,305.166,285.711,1037.59,369.092,316.635
LOX/RP-1,3.15,3755.41,25.2738,1.13219,1.20349,1751.86,1711.43,354.962,325.489,304.433,284.994,1038.72,368.706,316.22
LOX/RP-1,3.2,3753.46,25.3997,1.13191,1.20319,1747.22,1706.9,354.158,324.69,303.685,284.277,1039.83,368.263,315.78
LOX/RP-1,3.25,3751.05,25.5226,1.13166,1.20291,1742.59,1702.38,353.321,323.889,302.927,283.56,1040.91,367.777,315.321
LOX/RP-1,3.3,3748.25,25.6426,1.13144,1.20265,1737.98,1697.89,352.461,323.089,302.162,282.844,1041.98,367.256,314.846
LOX/RP-1,3.35,3745.07,25.7598,1.13123,1.20241,1733.4,1693.43,351.584,322.289,301.393,282.131,1043.02,366.708,314.359
LOX/RP-1,3.4,3741.57,25.8743,1.13105,1.20219,1728.85,1689.01,350.695,321.492,300.622,281.42,1044.04,366.138,313.86
LOX/RP-1,3.45,3737.78,25.9862,1.13089,1.20199,1724.33,1684.62,349.797,320.698,299.85,280.714,1045.03,365.55,313.353
LOX/RP-1,3.5,3733.71,26.0956,1.13075,1.20179,1719.85,1680.26,348.894,319.907,299.078,280.011,1046.01,364.947,312.839
LOX/RP-1,3.55,3729.4,26.2026,1.13062,1.20162,1715.41,1675.95,347.988,319.12,298.308,279.313,1046.97,364.333,312.32
LOX/RP-1,3.6,3724.87,26.3074,1.13051,1.20145,1711,1671.68,347.08,318.338,297.541,278.62,1047.91,363.708,311.796
LOX/RP-1,3.65,3720.14,26.4099,1.13041,1.2013,1706.64,1667.45,346.171,317.561,296.777,277.932,1048.83,363.074,311.268
LOX/RP-1,3.7,3715.22,26.5103,1.13032,1.20116,1702.32,1663.26,345.263,316.79,296.016,277.249,1049.73,362.434,310.737
LOX/RP-1,3.75,3710.14,26.6086,1.13025,1.20103,1698.04,1659.11,344.357,316.023,295.259,276.572,1050.62,361.787,310.204
LOX/RP-1,3.8,3704.9,26.7049,1.13018,1.20091,1693.8,1655.01,343.452,315.263,294.507,275.901,1051.48,361.134,309.669
