t_s,thrust_N,Pc_Pa,Kn
0.00000,0.000,101325.0,282.98
0.00031,6.563,454464.0,283.00
0.00062,96.735,1057294.4,283.03
0.00093,166.429,1523224.7,283.06
0.00125,219.875,1880531.0,283.09
0.00156,263.383,2171395.2,283.12
0.00187,298.826,2408345.8,283.14
0.00219,327.714,2601470.2,283.17
0.00250,351.267,2758931.5,283.20
0.00281,370.477,2887353.2,283.23
0.00313,386.148,2992118.0,283.26
0.00344,398.935,3077605.0,283.29
0.00376,409.372,3147378.8,283.31
0.00407,417.892,3204342.9,283.34
0.00439,424.851,3250863.0,283.37
0.00471,430.536,3288866.9,283.40
0.00502,435.181,3319926.0,283.43
0.00534,438.980,3345321.6,283.45
0.00566,442.088,3366098.2,283.48
0.00597,444.632,3383107.7,283.51
0.00629,446.717,3397044.6,283.54
0.00661,448.427,3408475.4,283.57
0.00693,449.831,3417862.2,283.60
0.00725,450.985,3425581.8,283.62
0.00757,451.937,3431941.5,283.65
0.00789,452.722,3437192.0,283.68
0.00821,453.372,3441537.9,283.71
0.00853,453.912,3445145.8,283.74
0.00885,454.362,3448151.9,283.77
0.00917,454.738,3450667.0,283.80
0.00950,455.054,3452781.8,283.82
0.00982,455.322,3454570.1,283.85
0.01014,455.549,3456092.1,283.88
0.01047,455.744,3457396.9,283.91
0.01079,455.913,3458524.6,283.94
0.01111,456.060,3459507.9,283.97
0.01144,456.190,3460373.5,284.00
0.01176,456.305,3461143.1,284.03
0.01209,456.408,3461834.4,284.05
0.01241,456.502,3462462.0,284.08
0.01274,456.588,3463037.4,284.11
0.01306,456.668,3463570.2,284.14
0.01339,456.742,3464068.4,284.17
0.01372,456.813,3464538.3,284.20
0.01405,456.879,3464985.3,284.23
0.01437,456.944,3465413.6,284.26
0.01470,457.005,3465826.7,284.29
0.01503,457.065,3466227.6,284.31
0.01536,457.124,3466618.4,284.34
0.01569,457.181,3467001.2,284.37
0.01602,457.237,3467377.4,284.40
0.01635,457.293,3467748.3,284.43
0.01668,457.348,3468115.0,284.46
0.01701,457.402,3468478.3,284.49
0.01734,457.456,3468838.9,284.52
0.01767,457.510,3469197.4,284.55
0.01801,457.563,3469554.1,284.58
0.01834,457.616,3469909.5,284.61
0.01867,457.669,3470263.9,284.63
0.01901,457.722,3470617.6,284.66
0.01934,457.775,3470970.6,284.69
0.01967,457.828,3471323.3,284.72
0.02001,457.880,3471675.7,284.75
0.02034,457.933,3472027.9,284.78
0.02068,457.986,3472380.0,284.81
0.02101,458.038,3472732.2,284.84
0.02135,458.091,3473084.4,284.87
0.02169,458.144,3473436.7,284.90
0.02202,458.196,3473789.2,284.93
0.02236,458.249,3474141.9,284.96
0.02270,458.302,3474494.8,284.99
0.02304,458.355,3474847.9,285.02
0.02338,458.408,3475201.2,285.05
0.02372,458.460,3475554.8,285.08
0.02406,458.513,3475908.7,285.11
0.02439,458.566,3476262.9,285.14
0.02474,458.619,3476617.3,285.17
0.02508,458.672,3476971.7,285.20
0.02542,458.725,3477326.2,285.22
0.02576,458.778,3477680.7,285.25
0.02610,458.832,3478035.4,285.28
0.02644,458.885,3478390.3,285.31
0.02679,458.938,3478745.4,285.34
0.02713,458.991,3479100.8,285.37
0.02747,459.044,3479456.4,285.40
0.02782,459.097,3479812.2,285.43
0.02816,459.151,3480168.3,285.46
0.02851,459.204,3480524.8,285.49
0.02885,459.257,3480881.5,285.52
0.02920,459.311,3481238.5,285.55
0.02954,459.364,3481595.8,285.58
0.02989,459.418,3481953.4,285.61
0.03024,459.471,3482311.3,285.64
0.03058,459.525,3482669.6,285.67
0.03093,459.578,3483028.2,285.70
0.03128,459.632,3483387.1,285.73
0.03163,459.686,3483746.3,285.76
0.03198,459.740,3484105.8,285.79
0.03233,459.793,3484465.7,285.82
0.03268,459.847,3484825.9,285.85
0.03303,459.901,3485186.4,285.88
0.03338,459.955,3485547.3,285.91
0.03373,460.009,3485908.5,285.94
0.03408,460.063,3486270.0,285.97
0.03443,460.117,3486631.8,286.01
0.03478,460.172,3486994.0,286.04
0.03514,460.226,3487356.5,286.07
0.03549,460.280,3487719.4,286.10
0.03584,460.334,3488082.5,286.13
0.03620,460.389,3488446.0,286.16
0.03655,460.443,3488809.9,286.19
0.03691,460.498,3489174.0,286.22
0.03726,460.552,3489538.1,286.25
0.03762,460.607,3489902.3,286.28
0.03797,460.661,3490266.7,286.31
0.03833,460.716,3490631.2,286.34
0.03869,460.770,3490995.8,286.37
0.03904,460.825,3491360.7,286.40
0.03940,460.879,3491725.9,286.43
0.03976,460.934,3492091.3,286.46
0.04012,460.989,3492456.9,286.49
0.04048,461.043,3492822.8,286.52
0.04084,461.098,3493189.1,286.55
0.04120,461.153,3493555.6,286.59
0.04156,461.208,3493922.4,286.62
0.04192,461.263,3494289.6,286.65
0.04228,461.318,3494657.0,286.68
0.04264,461.373,3495024.8,286.71
0.04301,461.428,3495392.9,286.74
0.04337,461.483,3495761.4,286.77
0.04373,461.538,3496130.1,286.80
0.04409,461.593,3496499.2,286.83
0.04446,461.649,3496868.6,286.86
0.04482,461.704,3497238.4,286.89
0.04519,461.759,3497608.4,286.93
0.04555,461.815,3497978.8,286.96
0.04592,461.870,3498349.6,286.99
0.04629,461.926,3498720.7,287.02
0.04665,461.981,3499092.1,287.05
0.04702,462.037,3499463.8,287.08
0.04739,462.092,3499835.9,287.11
0.04775,462.148,3500208.3,287.14
0.04812,462.204,3500581.1,287.18
0.04849,462.260,3500954.2,287.21
0.04886,462.316,3501327.6,287.24
0.04923,462.371,3501701.2,287.27
0.04960,462.427,3502074.8,287.30
0.04997,462.483,3502448.6,287.33
0.05034,462.539,3502822.4,287.36
0.05071,462.595,3503196.4,287.39
0.05109,462.651,3503570.6,287.43
0.05146,462.707,3503945.0,287.46
0.05183,462.763,3504319.6,287.49
0.05220,462.819,3504694.5,287.52
0.05258,462.875,3505069.7,287.55
0.05295,462.931,3505445.1,287.58
0.05333,462.988,3505820.9,287.61
0.05370,463.044,3506196.9,287.65
0.05408,463.100,3506573.3,287.68
0.05445,463.157,3506950.0,287.71
0.05483,463.213,3507327.0,287.74
0.05521,463.269,3507704.3,287.77
0.05559,463.326,3508081.9,287.80
0.05596,463.382,3508459.9,287.84
0.05634,463.439,3508838.2,287.87
0.05672,463.496,3509216.9,287.90
0.05710,463.552,3509595.8,287.93
0.05748,463.609,3509975.1,287.96
0.05786,463.666,3510354.8,287.99
0.05824,463.723,3510734.8,288.03
0.05862,463.780,3511115.1,288.06
0.05900,463.837,3511495.7,288.09
0.05938,463.894,3511876.7,288.12
0.05977,463.951,3512258.1,288.15
0.06015,464.008,3512639.7,288.19
0.06053,464.065,3513021.7,288.22
0.06092,464.122,3513404.1,288.25
0.06130,464.179,3513786.8,288.28
0.06169,464.236,3514169.4,288.31
0.06207,464.294,3514552.2,288.35
0.06246,464.351,3514935.0,288.38
0.06284,464.408,3515318.0,288.41
0.06323,464.466,3515701.2,288.44
0.06362,464.523,3516084.5,288.47
0.06401,464.580,3516468.1,288.51
0.06439,464.638,3516852.0,288.54
0.06478,464.695,3517236.1,288.57
0.06517,464.753,3517620.6,288.60
0.06556,464.810,3518005.3,288.64
0.06595,464.868,3518390.3,288.67
0.06634,464.925,3518775.6,288.70
0.06673,464.983,3519161.2,288.73
0.06712,465.041,3519547.2,288.77
0.06752,465.099,3519933.5,288.80
0.06791,465.156,3520320.1,288.83
0.06830,465.214,3520707.0,288.86
0.06869,465.272,3521094.3,288.90
0.06909,465.330,3521481.9,288.93
0.06948,465.388,3521869.9,288.96
0.06988,465.446,3522258.2,288.99
0.07027,465.505,3522646.8,289.03
0.07067,465.563,3523035.7,289.06
0.07106,465.621,3523425.0,289.09
0.07146,465.679,3523814.7,289.12
0.07186,465.738,3524204.7,289.16
0.07226,465.796,3524595.0,289.19
0.07265,465.854,3524985.7,289.22
0.07305,465.913,3525376.7,289.25
0.07345,465.971,3525768.0,289.29
0.07385,466.030,3526159.4,289.32
0.07425,466.088,3526550.8,289.35
0.07465,466.147,3526942.3,289.39
0.07505,466.206,3527334.0,289.42
0.07545,466.264,3527725.8,289.45
0.07586,466.323,3528117.8,289.48
0.07626,466.382,3528510.1,289.52
0.07666,466.440,3528902.6,289.55
0.07706,466.499,3529295.4,289.58
0.07747,466.558,3529688.4,289.62
0.07787,466.617,3530081.8,289.65
0.07828,466.676,3530475.4,289.68
0.07868,466.734,3530869.4,289.71
0.07909,466.793,3531263.6,289.75
0.07950,466.852,3531658.2,289.78
0.07990,466.912,3532053.2,289.81
0.08031,466.971,3532448.4,289.85
0.08072,467.030,3532844.0,289.88
0.08113,467.089,3533239.9,289.91
0.08154,467.148,3533636.2,289.95
0.08195,467.208,3534032.8,289.98
0.08236,467.267,3534429.7,290.01
0.08277,467.326,3534827.0,290.05
0.08318,467.386,3535224.6,290.08
0.08359,467.445,3535622.5,290.11
0.08400,467.505,3536020.8,290.15
0.08441,467.565,3536419.5,290.18
0.08483,467.624,3536818.5,290.21
0.08524,467.684,3537217.8,290.25
0.08565,467.744,3537617.4,290.28
0.08607,467.804,3538017.2,290.31
0.08648,467.863,3538416.9,290.35
0.08690,467.923,3538816.7,290.38
0.08731,467.983,3539216.7,290.41
0.08773,468.043,3539616.8,290.45
0.08815,468.103,3540017.1,290.48
0.08856,468.163,3540417.6,290.52
0.08898,468.223,3540818.4,290.55
0.08940,468.283,3541219.4,290.58
0.08982,468.343,3541620.7,290.62
0.09024,468.403,3542022.3,290.65
0.09066,468.463,3542424.3,290.68
0.09108,468.523,3542826.5,290.72
0.09150,468.583,3543229.0,290.75
0.09192,468.643,3543631.9,290.79
0.09235,468.704,3544035.1,290.82
0.09277,468.764,3544438.6,290.85
0.09319,468.825,3544842.5,290.89
0.09361,468.885,3545246.7,290.92
0.09404,468.946,3545651.2,290.95
0.09446,469.006,3546056.1,290.99
0.09489,469.067,3546461.3,291.02
0.09531,469.127,3546866.8,291.06
0.09574,469.188,3547272.7,291.09
0.09617,469.249,3547678.9,291.12
0.09659,469.310,3548085.5,291.16
0.09702,469.371,3548492.4,291.19
0.09745,469.431,3548899.7,291.23
0.09788,469.492,3549307.3,291.26
0.09831,469.553,3549714.9,291.30
0.09874,469.614,3550122.6,291.33
0.09917,469.675,3550530.3,291.36
0.09960,469.736,3550938.1,291.40
0.10003,469.797,3551346.1,291.43
0.10046,469.858,3551754.3,291.47
0.10090,469.920,3552162.8,291.50
0.10133,469.981,3552571.4,291.53
0.10176,470.042,3552980.4,291.57
0.10220,470.103,3553389.6,291.60
0.10263,470.164,3553799.1,291.64
0.10307,470.226,3554208.9,291.67
0.10350,470.287,3554619.0,291.71
0.10394,470.348,3555029.5,291.74
0.10438,470.410,3555440.2,291.78
0.10481,470.471,3555851.3,291.81
0.10525,470.533,3556262.7,291.84
0.10569,470.594,3556674.5,291.88
0.10613,470.656,3557086.5,291.91
0.10657,470.718,3557499.0,291.95
0.10701,470.779,3557911.7,291.98
0.10745,470.841,3558324.8,292.02
0.10789,470.903,3558738.3,292.05
0.10833,470.965,3559152.0,292.09
0.10877,471.027,3559566.2,292.12
0.10922,471.089,3559980.6,292.16
0.10966,471.151,3560395.4,292.19
0.11010,471.213,3560810.6,292.23
0.11055,471.275,3561225.8,292.26
0.11099,471.337,3561640.9,292.30
0.11144,471.399,3562056.2,292.33
0.11189,471.462,3562471.6,292.36
0.11233,471.524,3562887.1,292.40
0.11278,471.586,3563302.8,292.43
0.11323,471.648,3563718.8,292.47
0.11368,471.710,3564135.0,292.50
0.11412,471.773,3564551.4,292.54
0.11457,471.835,3564968.1,292.57
0.11502,471.897,3565385.2,292.61
0.11547,471.960,3565802.5,292.64
0.11593,472.022,3566220.1,292.68
0.11638,472.085,3566638.1,292.71
0.11683,472.147,3567056.3,292.75
0.11728,472.210,3567474.9,292.78
0.11773,472.273,3567893.9,292.82
0.11819,472.335,3568313.1,292.85
0.11864,472.398,3568732.7,292.89
0.11910,472.461,3569152.6,292.93
0.11955,472.524,3569572.9,292.96
0.12001,472.587,3569993.5,293.00
0.12047,472.650,3570414.4,293.03
0.12092,472.713,3570835.7,293.07
0.12138,472.776,3571257.4,293.10
0.12184,472.839,3571679.3,293.14
0.12230,472.902,3572101.6,293.17
0.12276,472.965,3572524.0,293.21
0.12322,473.028,3572946.3,293.24
0.12368,473.092,3573368.7,293.28
0.12414,473.155,3573791.1,293.31
0.12460,473.218,3574213.8,293.35
0.12506,473.281,3574636.6,293.38
0.12553,473.344,3575059.6,293.42
0.12599,473.408,3575482.8,293.46
0.12645,473.471,3575906.3,293.49
0.12692,473.535,3576330.1,293.53
0.12738,473.598,3576754.1,293.56
0.12785,473.661,3577178.5,293.60
0.12832,473.725,3577603.2,293.63
0.12878,473.789,3578028.1,293.67
0.12925,473.852,3578453.4,293.71
0.12972,473.916,3578879.0,293.74
0.13019,473.980,3579305.0,293.78
0.13066,474.043,3579731.3,293.81
0.13113,474.107,3580157.9,293.85
0.13160,474.171,3580584.8,293.88
0.13207,474.235,3581012.1,293.92
0.13254,474.299,3581439.7,293.96
0.13301,474.363,3581867.6,293.99
0.13348,474.427,3582295.9,294.03
0.13396,474.491,3582724.6,294.06
0.13443,474.555,3583153.5,294.10
0.13490,474.619,3583582.6,294.14
0.13538,474.684,3584011.6,294.17
0.13585,474.748,3584440.6,294.21
0.13633,474.812,3584869.7,294.24
0.13681,474.876,3585299.0,294.28
0.13729,474.940,3585728.3,294.31
0.13776,475.005,3586157.9,294.35
0.13824,475.069,3586587.8,294.39
0.13872,475.133,3587017.8,294.42
0.13920,475.198,3587448.1,294.46
0.13968,475.262,3587878.7,294.50
0.14016,475.326,3588309.6,294.53
0.14064,475.391,3588740.8,294.57
0.14113,475.455,3589172.3,294.60
0.14161,475.520,3589604.1,294.64
0.14209,475.585,3590036.3,294.68
0.14258,475.649,3590468.7,294.71
0.14306,475.714,3590901.5,294.75
0.14355,475.779,3591334.6,294.79
0.14403,475.844,3591768.1,294.82
0.14452,475.909,3592201.9,294.86
0.14500,475.974,3592636.0,294.89
0.14549,476.039,3593070.4,294.93
0.14598,476.104,3593505.2,294.97
0.14647,476.169,3593940.3,295.00
0.14696,476.234,3594375.7,295.04
0.14745,476.299,3594811.0,295.08
0.14794,476.364,3595246.2,295.11
0.14843,476.429,3595681.5,295.15
0.14892,476.494,3596116.9,295.19
0.14941,476.559,3596552.5,295.22
0.14991,476.625,3596988.2,295.26
0.15040,476.690,3597424.2,295.30
0.15089,476.755,3597860.3,295.33
0.15139,476.820,3598296.8,295.37
0.15188,476.886,3598733.5,295.41
0.15238,476.951,3599170.5,295.44
0.15288,477.016,3599607.7,295.48
0.15337,477.082,3600045.3,295.52
0.15387,477.147,3600483.2,295.55
0.15437,477.213,3600921.4,295.59
0.15487,477.279,3601359.9,295.63
0.15537,477.344,3601798.8,295.66
0.15587,477.410,3602237.9,295.70
0.15637,477.476,3602677.4,295.74
0.15687,477.541,3603117.2,295.77
0.15738,477.607,3603557.4,295.81
0.15788,477.673,3603997.9,295.85
0.15838,477.739,3604438.7,295.88
0.15889,477.805,3604879.8,295.92
0.15939,477.871,3605321.0,295.96
0.15990,477.937,3605762.2,295.99
0.16040,478.003,3606203.3,296.03
0.16091,478.069,3606644.4,296.07
0.16142,478.135,3607085.7,296.11
0.16192,478.201,3607527.2,296.14
0.16243,478.267,3607968.8,296.18
0.16294,478.333,3608410.6,296.22
0.16345,478.399,3608852.7,296.25
0.16396,478.465,3609295.0,296.29
0.16447,478.532,3609737.6,296.33
0.16499,478.598,3610180.4,296.36
0.16550,478.664,3610623.6,296.40
0.16601,478.731,3611067.1,296.44
0.16652,478.797,3611510.8,296.48
0.16704,478.863,3611954.9,296.51
0.16755,478.930,3612399.3,296.55
0.16807,478.996,3612844.0,296.59
0.16859,479.063,3613289.0,296.63
0.16910,479.129,3613734.4,296.66
0.16962,479.196,3614180.0,296.70
0.17014,479.263,3614626.0,296.74
0.17066,479.330,3615072.4,296.78
0.17118,479.396,3615519.0,296.81
0.17170,479.463,3615965.6,296.85
0.17222,479.530,3616412.2,296.89
0.17274,479.597,3616858.7,296.92
0.17326,479.664,3617305.3,296.96
0.17378,479.730,3617752.0,297.00
0.17431,479.797,3618198.8,297.04
0.17483,479.864,3618645.8,297.07
0.17535,479.931,3619093.0,297.11
0.17588,479.998,3619540.5,297.15
0.17641,480.065,3619988.2,297.19
0.17693,480.132,3620436.1,297.22
0.17746,480.199,3620884.4,297.26
0.17799,480.266,3621332.9,297.30
0.17852,480.333,3621781.7,297.34
0.17905,480.400,3622230.8,297.38
0.17958,480.468,3622680.2,297.41
0.18011,480.535,3623129.9,297.45
0.18064,480.602,3623580.0,297.49
0.18117,480.670,3624030.3,297.53
0.18170,480.737,3624481.0,297.56
0.18224,480.804,3624932.0,297.60
0.18277,480.872,3625383.3,297.64
0.18330,480.940,3625834.9,297.68
0.18384,481.007,3626286.6,297.72
0.18438,481.075,3626738.1,297.75
0.18491,481.142,3627189.7,297.79
0.18545,481.210,3627641.2,297.83
0.18599,481.277,3628092.8,297.87
0.18653,481.345,3628544.5,297.90
0.18707,481.412,3628996.4,297.94
0.18761,481.480,3629448.5,297.98
0.18815,481.548,3629900.8,298.02
0.18869,481.615,3630353.4,298.06
0.18923,481.683,3630806.2,298.09
0.18977,481.751,3631259.2,298.13
0.19032,481.819,3631712.6,298.17
0.19086,481.887,3632166.2,298.21
0.19140,481.954,3632620.1,298.25
0.19195,482.022,3633074.3,298.28
0.19250,482.090,3633528.9,298.32
0.19304,482.158,3633983.7,298.36
0.19359,482.226,3634438.8,298.40
0.19414,482.295,3634894.2,298.44
0.19469,482.363,3635350.0,298.48
0.19524,482.431,3635806.1,298.51
0.19579,482.499,3636262.4,298.55
0.19634,482.567,3636718.6,298.59
0.19689,482.636,3637174.7,298.63
0.19744,482.704,3637630.7,298.67
0.19799,482.772,3638086.8,298.70
0.19855,482.840,3638543.0,298.74
0.19910,482.909,3638999.3,298.78
0.19966,482.977,3639455.8,298.82
0.20021,483.045,3639912.5,298.86
0.20077,483.114,3640369.4,298.90
0.20133,483.182,3640826.5,298.93
0.20188,483.250,3641283.9,298.97
0.20244,483.319,3641741.6,299.01
0.20300,483.387,3642199.5,299.05
0.20356,483.456,3642657.7,299.09
0.20412,483.524,3643116.2,299.13
0.20468,483.593,3643575.0,299.16
0.20525,483.662,3644034.0,299.20
0.20581,483.730,3644493.4,299.24
0.20637,483.799,3644953.1,299.28
0.20694,483.868,3645413.1,299.32
0.20750,483.937,3645873.4,299.36
0.20807,484.006,3646333.9,299.40
0.20863,484.075,3646794.2,299.43
0.20920,484.143,3647254.4,299.47
0.20977,484.212,3647714.6,299.51
0.21034,484.281,3648174.9,299.55
0.21091,484.350,3648635.2,299.59
0.21148,484.419,3649095.6,299.63
0.21205,484.488,3649556.2,299.67
0.21262,484.557,3650017.0,299.70
0.21319,484.626,3650477.9,299.74
0.21376,484.695,3650939.2,299.78
0.21434,484.764,3651400.6,299.82
0.21491,484.833,3651862.3,299.86
0.21549,484.902,3652324.3,299.90
0.21606,484.971,3652786.6,299.94
0.21664,485.040,3653249.1,299.97
0.21722,485.109,3653711.9,300.01
0.21779,485.179,3654175.0,300.05
0.21837,485.248,3654638.4,300.09
0.21895,485.317,3655102.1,300.13
0.21953,485.387,3655566.1,300.17
0.22011,485.456,3656030.3,300.21
0.22069,485.526,3656494.5,300.25
0.22128,485.595,3656958.4,300.29
0.22186,485.664,3657422.3,300.32
0.22244,485.734,3657886.2,300.36
0.22303,485.803,3658350.2,300.40
0.22361,485.873,3658814.2,300.44
0.22420,485.942,3659278.4,300.48
0.22479,486.011,3659742.8,300.52
0.22537,486.081,3660207.3,300.56
0.22596,486.150,3660672.1,300.60
0.22655,486.220,3661137.0,300.64
0.22714,486.290,3661602.2,300.67
0.22773,486.359,3662067.7,300.71
0.22832,486.429,3662533.4,300.75
0.22891,486.499,3662999.4,300.79
0.22951,486.568,3663465.7,300.83
0.23010,486.638,3663932.2,300.87
0.23069,486.708,3664399.1,300.91
0.23129,486.778,3664866.2,300.95
0.23188,486.848,3665333.6,300.99
0.23248,486.918,3665801.2,301.03
0.23308,486.988,3666268.6,301.07
0.23368,487.057,3666735.8,301.10
0.23427,487.127,3667202.9,301.14
0.23487,487.197,3667670.1,301.18
0.23547,487.267,3668137.2,301.22
0.23608,487.337,3668604.5,301.26
0.23668,487.407,3669071.9,301.30
0.23728,487.477,3669539.4,301.34
0.23788,487.547,3670007.2,301.38
0.23849,487.617,3670475.1,301.42
0.23909,487.687,3670943.2,301.46
0.23970,487.757,3671411.6,301.50
0.24030,487.827,3671880.2,301.54
0.24091,487.897,3672349.1,301.58
0.24152,487.967,3672818.3,301.61
0.24213,488.038,3673287.6,301.65
0.24274,488.108,3673757.3,301.69
0.24335,488.178,3674227.2,301.73
0.24396,488.248,3674697.4,301.77
0.24457,488.319,3675167.9,301.81
0.24518,488.389,3675638.2,301.85
0.24580,488.459,3676108.3,301.89
0.24641,488.530,3676578.2,301.93
0.24702,488.600,3677048.2,301.97
0.24764,488.670,3677518.1,302.01
0.24826,488.741,3677988.1,302.05
0.24887,488.811,3678458.2,302.09
0.24949,488.881,3678928.5,302.13
0.25011,488.952,3679398.9,302.17
0.25073,489.022,3679869.5,302.21
0.25135,489.092,3680340.4,302.24
0.25197,489.163,3680811.4,302.28
0.25259,489.233,3681282.7,302.32
0.25322,489.304,3681754.1,302.36
0.25384,489.375,3682225.9,302.40
0.25446,489.445,3682697.9,302.44
0.25509,489.516,3683170.1,302.48
0.25571,489.586,3683642.6,302.52
0.25634,489.657,3684115.4,302.56
0.25697,489.728,3684588.3,302.60
0.25760,489.799,3685061.0,302.64
0.25823,489.869,3685533.5,302.68
0.25886,489.940,3686005.8,302.72
0.25949,490.011,3686478.2,302.76
0.26012,490.081,3686950.5,302.80
0.26075,490.152,3687422.9,302.84
0.26138,490.223,3687895.4,302.88
0.26202,490.293,3688368.0,302.92
0.26265,490.364,3688840.8,302.96
0.26329,490.435,3689313.8,303.00
0.26392,490.506,3689786.9,303.04
0.26456,490.576,3690260.3,303.08
0.26520,490.647,3690733.9,303.12
0.26584,490.718,3691207.7,303.16
0.26648,490.789,3691681.8,303.19
0.26712,490.860,3692156.1,303.23
0.26776,490.931,3692630.6,303.27
0.26840,491.002,3693105.4,303.31
0.26904,491.073,3693580.3,303.35
0.26969,491.144,3694055.1,303.39
0.27033,491.215,3694529.6,303.43
0.27098,491.286,3695004.0,303.47
0.27162,491.357,3695478.2,303.51
0.27227,491.428,3695952.5,303.55
0.27292,491.499,3696426.7,303.59
0.27357,491.570,3696901.1,303.63
0.27422,491.641,3697375.5,303.67
0.27487,491.712,3697850.1,303.71
0.27552,491.783,3698324.9,303.75
0.27617,491.854,3698799.8,303.79
0.27682,491.925,3699274.9,303.83
0.27748,491.996,3699750.2,303.87
0.27813,492.067,3700225.7,303.91
0.27879,492.138,3700701.5,303.95
0.27944,492.209,3701177.4,303.99
0.28010,492.281,3701653.6,304.03
0.28076,492.352,3702130.0,304.07
0.28141,492.423,3702606.6,304.11
0.28207,492.494,3703082.8,304.15
0.28273,492.566,3703558.8,304.19
0.28340,492.637,3704034.6,304.23
0.28406,492.708,3704510.3,304.27
0.28472,492.779,3704986.0,304.31
0.28538,492.850,3705461.7,304.35
0.28605,492.921,3705937.5,304.39
0.28671,492.993,3706413.4,304.43
0.28738,493.064,3706889.4,304.47
0.28805,493.135,3707365.5,304.51
0.28872,493.206,3707841.8,304.55
0.28938,493.277,3708318.3,304.59
0.29005,493.349,3708795.0,304.63
0.29072,493.420,3709271.8,304.67
0.29140,493.491,3709748.9,304.71
0.29207,493.563,3710226.2,304.75
0.29274,493.634,3710703.7,304.79
0.29341,493.706,3711181.3,304.83
0.29409,493.777,3711658.8,304.87
0.29477,493.848,3712136.0,304.91
0.29544,493.920,3712612.9,304.95
0.29612,493.991,3713089.7,304.99
0.29680,494.062,3713566.4,305.03
0.29748,494.134,3714043.2,305.07
0.29816,494.205,3714519.9,305.11
0.29884,494.276,3714996.7,305.15
0.29952,494.348,3715473.7,305.19
0.30020,494.419,3715950.7,305.23
0.30089,494.490,3716427.9,305.27
0.30157,494.562,3716905.2,305.31
0.30226,494.633,3717382.8,305.35
0.30294,494.705,3717860.4,305.39
0.30363,494.776,3718338.3,305.43
0.30432,494.848,3718816.4,305.47
0.30501,494.919,3719294.7,305.51
0.30570,494.991,3719773.1,305.55
0.30639,495.062,3720251.2,305.59
0.30708,495.134,3720729.0,305.63
0.30777,495.205,3721206.6,305.67
0.30846,495.277,3721684.0,305.71
0.30916,495.348,3722161.3,305.75
0.30985,495.419,3722638.6,305.79
0.31055,495.491,3723115.9,305.83
0.31124,495.562,3723593.3,305.87
0.31194,495.634,3724070.7,305.91
0.31264,495.705,3724548.3,305.95
0.31334,495.777,3725025.9,305.99
0.31404,495.848,3725503.7,306.03
0.31474,495.920,3725981.7,306.07
0.31544,495.991,3726459.8,306.11
0.31615,496.063,3726938.1,306.15
0.31685,496.134,3727416.5,306.19
0.31756,496.206,3727895.2,306.23
0.31826,496.277,3728373.8,306.27
0.31897,496.349,3728852.0,306.31
0.31968,496.420,3729329.8,306.35
0.32039,496.492,3729807.4,306.39
0.32109,496.563,3730284.9,306.43
0.32181,496.635,3730762.3,306.47
0.32252,496.706,3731239.7,306.51
0.32323,496.777,3731717.1,306.55
0.32394,496.849,3732194.5,306.59
0.32466,496.920,3732672.0,306.63
0.32537,496.992,3733149.6,306.67
0.32609,497.063,3733627.3,306.71
0.32680,497.135,3734105.1,306.75
0.32752,497.206,3734583.1,306.79
0.32824,497.278,3735061.2,306.83
0.32896,497.349,3735539.4,306.87
0.32968,497.421,3736017.8,306.91
0.33040,497.492,3736496.3,306.95
0.33112,497.564,3736974.3,306.99
0.33185,497.635,3737451.9,307.03
0.33257,497.707,3737929.3,307.07
0.33330,497.778,3738406.4,307.11
0.33402,497.849,3738883.5,307.15
0.33475,497.921,3739360.5,307.19
0.33548,497.992,3739837.5,307.23
0.33621,498.063,3740314.6,307.27
0.33694,498.135,3740791.6,307.31
0.33767,498.206,3741268.8,307.35
0.33840,498.278,3741746.0,307.39
0.33913,498.349,3742223.3,307.43
0.33987,498.420,3742700.8,307.47
0.34060,498.492,3743178.4,307.51
0.34134,498.563,3743656.1,307.55
0.34207,498.635,3744134.0,307.59
0.34281,498.706,3744611.7,307.63
0.34355,498.778,3745088.9,307.67
0.34429,498.849,3745565.8,307.71
0.34503,498.920,3746042.4,307.74
0.34577,498.992,3746518.8,307.78
0.34651,499.063,3746995.1,307.82
0.34726,499.134,3747471.3,307.86
0.34800,499.205,3747947.5,307.90
0.34874,499.276,3748423.7,307.94
0.34949,499.348,3748899.9,307.98
0.35024,499.419,3749376.2,308.02
0.35099,499.490,3749852.6,308.06
0.35173,499.561,3750329.0,308.10
0.35248,499.633,3750805.5,308.14
0.35324,499.704,3751282.2,308.18
0.35399,499.775,3751759.0,308.22
0.35474,499.847,3752235.8,308.26
0.35549,499.918,3752712.1,308.30
0.35625,499.989,3753188.0,308.34
0.35701,500.060,3753663.5,308.38
0.35776,500.131,3754138.8,308.42
0.35852,500.202,3754613.9,308.46
0.35928,500.273,3755088.8,308.50
0.36004,500.344,3755563.7,308.54
0.36080,500.415,3756038.6,308.58
0.36156,500.487,3756513.5,308.62
0.36232,500.558,3756988.4,308.66
0.36309,500.629,3757463.3,308.70
0.36385,500.700,3757938.3,308.74
0.36462,500.771,3758413.4,308.78
0.36538,500.842,3758888.5,308.82
0.36615,500.913,3759363.8,308.86
0.36692,500.984,3759839.0,308.90
0.36769,501.055,3760313.8,308.94
0.36846,501.126,3760788.1,308.98
0.36923,501.197,3761262.0,309.02
0.37001,501.268,3761735.6,309.06
0.37078,501.338,3762209.0,309.10
0.37155,501.409,3762682.3,309.14
0.37233,501.480,3763155.4,309.18
0.37311,501.551,3763628.5,309.22
0.37388,501.622,3764101.5,309.26
0.37466,501.692,3764574.6,309.29
0.37544,501.763,3765047.7,309.33
0.37622,501.834,3765520.8,309.37
0.37701,501.905,3765993.9,309.41
0.37779,501.975,3766467.1,309.45
0.37857,502.046,3766940.4,309.49
0.37936,502.117,3767413.6,309.53
0.38014,502.188,3767886.2,309.57
0.38093,502.258,3768358.3,309.61
0.38172,502.329,3768830.0,309.65
0.38251,502.399,3769301.4,309.69
0.38330,502.470,3769772.6,309.73
0.38409,502.540,3770243.6,309.77
0.38488,502.611,3770714.5,309.81
0.38567,502.681,3771185.4,309.85
0.38647,502.752,3771656.2,309.89
0.38726,502.822,3772126.9,309.93
0.38806,502.892,3772597.7,309.97
0.38885,502.963,3773068.5,310.00
0.38965,503.033,3773539.3,310.04
0.39045,503.104,3774010.2,310.08
0.39125,503.174,3774481.0,310.12
0.39205,503.244,3774951.4,310.16
0.39286,503.315,3775421.2,310.20
0.39366,503.385,3775890.5,310.24
0.39446,503.455,3776359.5,310.28
0.39527,503.525,3776828.2,310.32
0.39608,503.595,3777296.7,310.36
0.39688,503.665,3777765.0,310.40
0.39769,503.735,3778233.2,310.44
0.39850,503.805,3778701.3,310.48
0.39931,503.875,3779169.4,310.51
0.40012,503.945,3779637.4,310.55
0.40094,504.015,3780105.4,310.59
0.40175,504.085,3780573.4,310.63
0.40257,504.155,3781041.4,310.67
0.40338,504.225,3781509.4,310.71
0.40420,504.295,3781976.9,310.75
0.40502,504.365,3782443.8,310.79
0.40584,504.435,3782910.2,310.83
0.40666,504.505,3783376.2,310.87
0.40748,504.574,3783841.9,310.90
0.40830,504.644,3784307.3,310.94
0.40913,504.714,3784772.5,310.98
0.40995,504.783,3785237.6,311.02
0.41078,504.853,3785702.5,311.06
0.41160,504.922,3786167.4,311.10
0.41243,504.992,3786632.2,311.14
0.41326,505.061,3787096.9,311.18
0.41409,505.131,3787561.6,311.22
0.41492,505.200,3788026.3,311.25
0.41575,505.270,3788490.9,311.29
0.41659,505.339,3788955.0,311.33
0.41742,505.408,3789418.4,311.37
0.41826,505.478,3789881.2,311.41
0.41909,505.547,3790343.6,311.45
0.41993,505.616,3790805.7,311.49
0.42077,505.685,3791267.5,311.52
0.42161,505.754,3791729.0,311.56
0.42245,506.446,3796357.3,311.60
0.42329,510.043,3820400.2,311.64
0.42414,513.341,3842446.9,311.68
0.42498,516.365,3862665.7,311.72
0.42583,519.139,3881212.0,311.76
0.42667,521.684,3898228.7,311.80
0.42752,524.021,3913847.1,311.84
0.42837,526.166,3928187.4,311.88
0.42922,528.136,3941359.9,311.92
0.43007,529.947,3953466.1,311.96
0.43092,531.612,3964599.0,312.00
0.43178,533.145,3974843.8,312.04
0.43263,534.556,3984278.5,312.09
0.43349,535.857,3992974.2,312.13
0.43435,537.056,4000996.1,312.17
0.43520,538.164,4008403.7,312.21
0.43606,539.189,4015251.4,312.25
0.43693,540.137,4021588.8,312.29
0.43779,541.015,4027461.3,312.33
0.43865,541.830,4032910.0,312.37
0.43952,542.587,4037972.7,312.41
0.44038,543.292,4042683.0,312.45
0.44125,543.949,4047072.1,312.49
0.44212,544.561,4051168.9,312.53
0.44299,545.134,4054999.4,312.57
0.44386,545.671,4058587.5,312.61
0.44473,546.175,4061954.8,312.65
0.44560,546.648,4065121.1,312.69
0.44648,547.095,4068104.5,312.73
0.44735,547.516,4070921.3,312.78
0.44823,547.915,4073586.5,312.82
0.44911,548.293,4076113.6,312.86
0.44999,548.652,4078515.2,312.90
0.45087,548.994,4080802.4,312.94
0.45175,549.320,4082984.6,312.98
0.45263,549.632,4085071.2,313.02
0.45351,549.932,4087070.8,313.06
0.45440,550.219,4088991.2,313.10
0.45529,550.495,4090839.6,313.14
0.45617,550.762,4092622.5,313.18
0.45706,551.020,4094345.6,313.22
0.45795,551.269,4096014.5,313.26
0.45885,551.512,4097634.0,313.30
0.45974,551.747,4099208.6,313.34
0.46063,551.977,4100742.2,313.38
0.46153,552.200,4102238.7,313.42
0.46243,552.419,4103701.1,313.46
0.46332,552.633,4105131.7,313.50
0.46422,552.843,4106533.4,313.54
0.46512,553.049,4107908.8,313.58
0.46603,553.251,4109260.2,313.62
0.46693,553.450,4110589.8,313.66
0.46783,553.646,4111899.7,313.70
0.46874,553.839,4113191.5,313.74
0.46965,554.030,4114466.9,313.78
0.47056,554.218,4115727.3,313.82
0.47146,554.405,4116974.2,313.86
0.47238,554.589,4118208.8,313.90
0.47329,554.772,4119432.1,313.94
0.47420,554.954,4120644.5,313.98
0.47512,555.133,4121846.6,314.02
0.47603,555.312,4123039.3,314.06
0.47695,555.489,4124223.5,314.10
0.47787,555.665,4125400.0,314.13
0.47879,555.840,4126569.5,314.17
0.47971,556.014,4127732.5,314.21
0.48063,556.187,4128889.6,314.25
0.48156,556.359,4130041.5,314.29
0.48248,556.531,4131188.5,314.33
0.48341,556.702,4132331.0,314.37
0.48434,556.872,4133469.6,314.41
0.48527,557.042,4134604.0,314.45
0.48620,557.211,4135734.1,314.49
0.48713,557.379,4136860.1,314.53
0.48806,557.547,4137982.5,314.57
0.48900,557.714,4139101.6,314.60
0.48993,557.881,4140217.7,314.64
0.49087,558.048,4141331.0,314.68
0.49181,558.214,4142441.7,314.72
0.49275,558.380,4143550.1,314.76
0.49369,558.545,4144656.4,314.80
0.49463,558.710,4145760.8,314.84
0.49558,558.875,4146863.3,314.88
0.49652,559.040,4147963.8,314.91
0.49747,559.204,4149061.7,314.95
0.49842,559.368,4150157.3,314.99
0.49937,559.532,4151250.7,315.03
0.50032,559.695,4152342.0,315.07
0.50127,559.858,4153431.6,315.11
0.50222,560.021,4154519.4,315.14
0.50318,560.183,4155605.7,315.18
0.50414,560.345,4156690.6,315.22
0.50509,560.507,4157774.1,315.26
0.50605,560.669,4158856.3,315.30
0.50701,560.831,4159937.4,315.33
0.50798,560.993,4161016.9,315.37
0.50894,561.154,4162094.2,315.41
0.50990,561.315,4163169.7,315.45
0.51087,561.475,4164243.4,315.49
0.51184,561.635,4165315.5,315.52
0.51281,561.796,4166386.0,315.56
0.51378,561.956,4167455.2,315.60
0.51475,562.115,4168523.0,315.64
0.51572,562.275,4169589.6,315.67
0.51669,562.434,4170655.0,315.71
0.51767,562.593,4171719.4,315.75
0.51865,562.752,4172782.6,315.79
0.51963,562.911,4173843.9,315.82
0.52061,563.070,4174903.3,315.86
0.52159,563.228,4175960.9,315.90
0.52257,563.386,4177016.7,315.93
0.52355,563.543,4178071.0,315.97
0.52454,563.701,4179123.8,316.01
0.52553,563.858,4180175.3,316.05
0.52652,564.015,4181225.4,316.08
0.52751,564.172,4182274.3,316.12
0.52850,564.329,4183322.0,316.16
0.52949,564.485,4184368.6,316.19
0.53049,564.642,4185413.5,316.23
0.53148,564.798,4186456.4,316.27
0.53248,564.953,4187497.3,316.30
0.53348,565.109,4188536.3,316.34
0.53448,565.264,4189573.7,316.37
0.53548,565.419,4190609.4,316.41
0.53648,565.574,4191643.5,316.45
0.53749,565.728,4192676.3,316.48
0.53849,565.882,4193707.6,316.52
0.53950,566.037,4194737.7,316.56
0.54051,566.190,4195766.5,316.59
0.54152,566.344,4196793.8,316.63
0.54253,566.497,4197818.8,316.66
0.54354,566.650,4198841.6,316.70
0.54456,566.803,4199862.5,316.73
0.54557,566.955,4200881.4,316.77
0.54659,567.108,4201898.6,316.80
0.54761,567.260,4202914.1,316.84
0.54863,567.411,4203928.0,316.88
0.54965,567.563,4204940.4,316.91
0.55068,567.714,4205951.3,316.95
0.55170,567.865,4206960.8,316.98
0.55273,568.016,4207968.6,317.02
0.55376,568.166,4208974.1,317.05
0.55479,568.316,4209977.2,317.09
0.55582,568.466,4210978.1,317.12
0.55685,568.615,4211977.1,317.16
0.55788,568.764,4212974.1,317.19
0.55892,568.913,4213969.2,317.22
0.55996,569.062,4214962.7,317.26
0.56099,569.210,4215954.4,317.29
0.56203,569.358,4216944.6,317.33
0.56308,569.506,4217933.3,317.36
0.56412,569.654,4218919.9,317.40
0.56516,569.801,4219903.9,317.43
0.56621,569.948,4220885.5,317.46
0.56726,570.094,4221864.8,317.50
0.56831,570.240,4222841.9,317.53
0.56936,570.386,4223816.9,317.57
0.57041,570.532,4224790.0,317.60
0.57146,570.677,4225761.2,317.63
0.57252,570.822,4226730.6,317.67
0.57358,570.967,4227698.3,317.70
0.57463,571.111,4228664.3,317.73
0.57569,571.255,4229627.7,317.77
0.57676,571.399,4230588.3,317.80
0.57782,571.542,4231546.4,317.83
0.57888,571.685,4232502.1,317.87
0.57995,571.828,4233455.5,317.90
0.58102,571.970,4234406.7,317.93
0.58209,572.112,4235355.8,317.96
0.58316,572.254,4236302.9,318.00
0.58423,572.395,4237248.1,318.03
0.58531,572.536,4238191.4,318.06
0.58638,572.677,4239132.4,318.10
0.58746,572.817,4240070.4,318.13
0.58854,572.957,4241005.7,318.16
0.58962,573.097,4241938.2,318.19
0.59070,573.236,4242868.3,318.22
0.59178,573.375,4243795.9,318.26
0.59287,573.513,4244721.3,318.29
0.59395,573.651,4245644.4,318.32
0.59504,573.789,4246565.4,318.35
0.59613,573.926,4247484.3,318.38
0.59722,574.064,4248401.0,318.41
0.59832,574.200,4249314.7,318.44
0.59941,574.336,4250225.3,318.48
0.60051,574.472,4251133.0,318.51
0.60161,574.608,4252038.0,318.54
0.60271,574.743,4252940.4,318.57
0.60381,574.877,4253840.3,318.60
0.60491,575.011,4254737.7,318.63
0.60601,575.145,4255632.9,318.66
0.60712,575.279,4256525.8,318.69
0.60823,575.412,4257416.5,318.72
0.60934,575.545,4258303.9,318.75
0.61045,575.677,4259188.0,318.78
0.61156,575.809,4260069.1,318.81
0.61268,575.940,4260947.2,318.84
0.61379,576.071,4261822.6,318.87
0.61491,576.202,4262695.2,318.90
0.61603,576.332,4263565.2,318.93
0.61715,576.462,4264432.8,318.96
0.61827,576.591,4265297.9,318.99
0.61939,576.720,4266160.6,319.02
0.62052,576.849,4267019.8,319.05
0.62165,576.977,4267875.5,319.08
0.62278,577.104,4268728.0,319.11
0.62391,577.231,4269577.3,319.14
0.62504,577.358,4270423.7,319.16
0.62617,577.484,4271267.1,319.19
0.62731,577.610,4272107.8,319.22
0.62845,577.735,4272945.8,319.25
0.62959,577.860,4273781.3,319.28
0.63073,577.984,4274613.8,319.31
0.63187,578.108,4275442.7,319.33
0.63301,578.232,4276267.9,319.36
0.63416,578.355,4277089.7,319.39
0.63531,578.477,4277908.3,319.42
0.63646,578.599,4278723.6,319.44
0.63761,578.721,4279535.9,319.47
0.63876,578.842,4280345.3,319.50
0.63992,578.962,4281151.9,319.53
0.64107,579.083,4281955.7,319.55
0.64223,579.202,4282756.1,319.58
0.64339,579.322,4283552.5,319.61
0.64455,579.440,4284345.2,319.63
0.64571,579.558,4285134.3,319.66
0.64688,579.676,4285920.0,319.69
0.64804,579.793,4286702.4,319.71
0.64921,579.909,4287481.6,319.74
0.65038,580.025,4288257.8,319.77
0.65155,580.141,4289030.9,319.79
0.65273,580.256,4289801.0,319.82
0.65390,580.371,4290566.9,319.84
0.65508,580.485,4291328.9,319.87
0.65626,580.598,4292086.9,319.89
0.65744,580.711,4292841.3,319.92
0.65862,580.823,4293592.1,319.94
0.65980,580.935,4294339.4,319.97
0.66099,581.046,4295083.4,319.99
0.66218,581.157,4295824.2,320.02
0.66337,581.267,4296561.8,320.04
0.66456,581.377,4297295.5,320.07
0.66575,581.486,4298024.8,320.09
0.66694,581.595,4298750.0,320.12
0.66814,581.703,4299471.2,320.14
0.66934,581.810,4300188.6,320.16
0.67054,581.917,4300902.3,320.19
0.67174,582.023,4301612.4,320.21
0.67294,582.129,4302319.0,320.23
0.67415,582.234,4303022.3,320.26
0.67535,582.338,4303721.7,320.28
0.67656,582.442,4304416.5,320.30
0.67777,582.546,4305106.9,320.33
0.67899,582.648,4305793.1,320.35
0.68020,582.750,4306475.2,320.37
0.68142,582.852,4307153.4,320.39
0.68263,582.953,4307827.8,320.41
0.68385,583.053,4308498.5,320.44
0.68507,583.153,4309165.6,320.46
0.68630,583.252,4309828.7,320.48
0.68752,583.350,4310487.1,320.50
0.68875,583.448,4311140.8,320.52
0.68998,583.545,4311790.0,320.54
0.69121,583.642,4312435.0,320.57
0.69244,583.738,4313075.8,320.59
0.69368,583.833,4313712.6,320.61
0.69491,583.928,4314345.5,320.63
0.69615,584.022,4314974.6,320.65
0.69739,584.115,4315599.5,320.67
0.69863,584.208,4316219.4,320.69
0.69987,584.300,4316834.3,320.71
0.70112,584.391,4317444.7,320.73
0.70237,584.482,4318050.5,320.75
0.70362,584.572,4318652.0,320.77
0.70487,584.661,4319249.2,320.79
0.70612,584.750,4319842.3,320.81
0.70737,584.838,4320431.5,320.83
0.70863,584.925,4321016.0,320.84
0.70989,585.012,4321595.2,320.86
0.71115,585.098,4322169.3,320.88
0.71241,585.183,4322738.6,320.90
0.71367,585.267,4323303.2,320.92
0.71494,585.351,4323863.2,320.93
0.71621,585.434,4324418.8,320.95
0.71748,585.517,4324970.1,320.97
0.71875,585.599,4325517.2,320.99
0.72002,585.680,4326059.0,321.00
0.72130,585.760,4326595.4,321.02
0.72258,585.839,4327126.6,321.04
0.72385,585.918,4327652.8,321.05
0.72514,585.996,4328174.1,321.07
0.72642,586.073,4328690.6,321.09
0.72770,586.150,4329202.6,321.10
0.72899,586.226,4329710.1,321.12
0.73028,586.301,4330212.9,321.14
0.73157,586.375,4330710.0,321.15
0.73286,586.449,4331201.5,321.17
0.73416,586.522,4331687.6,321.18
0.73545,586.594,4332168.5,321.20
0.73675,586.665,4332644.4,321.21
0.73805,586.735,4333115.3,321.23
0.73936,586.805,4333581.6,321.24
0.74066,586.874,4334043.1,321.25
0.74197,586.942,4334499.1,321.27
0.74327,587.009,4334949.1,321.28
0.74458,587.076,4335393.5,321.29
0.74590,587.142,4335832.3,321.31
0.74721,587.206,4336265.7,321.32
0.74853,587.270,4336693.9,321.33
0.74984,587.334,4337117.1,321.35
0.75116,587.396,4337535.4,321.36
0.75249,587.458,4337948.3,321.37
0.75381,587.519,4338355.1,321.38
0.75514,587.579,4338755.8,321.40
0.75646,587.638,4339150.6,321.41
0.75779,587.696,4339539.8,321.42
0.75913,587.754,4339923.5,321.43
0.76046,587.810,4340301.9,321.44
0.76180,587.866,4340675.1,321.45
0.76313,587.921,4341043.1,321.46
0.76447,587.975,4341404.7,321.47
0.76582,588.028,4341759.9,321.48
0.76716,588.080,4342109.0,321.49
0.76851,588.132,4342452.2,321.50
0.76985,588.182,4342789.6,321.51
0.77120,588.232,4343121.4,321.52
0.77256,588.281,4343447.7,321.53
0.77391,588.329,4343768.6,321.54
0.77527,588.376,4344083.1,321.55
0.77662,588.422,4344391.0,321.56
0.77799,588.467,4344692.4,321.57
0.77935,588.511,4344987.6,321.57
0.78071,588.554,4345276.8,321.58
0.78208,588.597,4345560.2,321.59
0.78345,588.638,4345837.8,321.60
0.78482,588.679,4346109.8,321.61
0.78619,588.719,4346375.2,321.61
0.78756,588.757,4346633.7,321.62
0.78894,588.795,4346885.5,321.63
0.79032,588.832,4347130.8,321.63
0.79170,588.867,4347369.8,321.64
0.79308,588.902,4347602.8,321.64
0.79447,588.936,4347829.7,321.65
0.79585,588.969,4348050.8,321.65
0.79724,589.001,4348265.0,321.66
0.79864,589.032,4348472.0,321.66
0.80003,589.062,4348672.1,321.67
0.80142,589.091,4348865.5,321.67
0.80282,589.119,4349052.4,321.68
0.80422,589.146,4349233.0,321.68
0.80562,589.172,4349407.3,321.68
0.80703,589.197,4349575.5,321.69
0.80843,589.221,4349736.4,321.69
0.80984,589.244,4349889.9,321.69
0.81125,589.266,4350036.3,321.70
0.81266,589.287,4350175.8,321.70
0.81408,589.307,4350308.5,321.70
0.81549,589.326,4350434.7,321.70
0.81691,589.344,4350554.4,321.70
0.81833,589.361,4350667.6,321.71
0.81976,589.376,4350773.2,321.71
0.82118,589.391,4350871.1,321.71
0.82261,589.405,4350961.7,321.71
0.82404,589.417,4351045.1,321.71
0.82547,589.429,4351121.6,321.71
0.82690,589.439,4351191.4,321.71
0.82834,589.448,4351254.6,321.71
0.82978,589.457,4351310.5,321.71
0.83122,589.464,4351358.5,321.71
0.83266,589.470,4351398.7,321.70
0.83410,589.475,4351431.3,321.70
0.83555,589.479,4351456.6,321.70
0.83700,589.481,4351474.8,321.70
0.83845,589.483,4351486.0,321.70
0.83990,589.484,4351490.4,321.69
0.84136,589.483,4351486.7,321.69
0.84282,589.481,4351474.9,321.69
0.84428,589.478,4351455.2,321.68
0.84574,589.474,4351427.8,321.68
0.84720,589.469,4351392.8,321.68
0.84867,589.463,4351350.6,321.67
0.85014,589.455,4351301.3,321.67
0.85161,589.447,4351244.4,321.66
0.85308,589.437,4351179.0,321.66
0.85455,589.426,4351105.3,321.65
0.85603,589.414,4351023.6,321.65
0.85751,589.400,4350934.0,321.64
0.85899,589.386,4350836.8,321.63
0.86048,589.370,4350732.1,321.63
0.86196,589.354,4350620.0,321.62
0.86345,589.335,4350499.4,321.61
0.86494,589.316,4350370.1,321.61
0.86644,589.296,4350232.4,321.60
0.86793,589.274,4350086.4,321.59
0.86943,589.251,4349932.5,321.58
0.87093,589.227,4349770.8,321.57
0.87243,589.201,4349601.5,321.56
0.87393,589.175,4349423.9,321.55
0.87544,589.147,4349237.2,321.54
0.87695,589.117,4349041.7,321.53
0.87846,589.087,4348837.7,321.52
0.87997,589.055,4348625.3,321.51
0.88149,589.022,4348404.9,321.50
0.88301,588.988,4348176.6,321.49
0.88453,588.953,4347940.0,321.48
0.88605,588.916,4347694.2,321.47
0.88758,588.878,4347439.2,321.46
0.88910,588.838,4347175.4,321.44
0.89063,588.798,4346903.0,321.43
0.89216,588.756,4346622.2,321.42
0.89370,588.712,4346333.1,321.41
0.89523,588.668,4346035.9,321.39
0.89677,588.622,4345729.2,321.38
0.89831,588.575,4345413.0,321.36
0.89986,588.526,4345087.6,321.35
0.90140,588.476,4344753.4,321.33
0.90295,588.425,4344410.4,321.32
0.90450,588.372,4344059.0,321.30
0.90605,588.318,4343699.1,321.29
0.90761,588.263,4343329.6,321.27
0.90916,588.206,4342950.4,321.25
0.91072,588.148,4342561.7,321.24
0.91228,588.089,4342163.8,321.22
0.91385,588.028,4341756.9,321.20
0.91541,587.966,4341341.3,321.18
0.91698,587.902,4340917.0,321.17
0.91855,587.837,4340482.9,321.15
0.92013,587.771,4340038.7,321.13
0.92170,587.703,4339584.8,321.11
0.92328,587.634,4339121.5,321.09
0.92486,587.563,4338648.9,321.07
0.92645,587.491,4338167.4,321.05
0.92803,587.417,4337676.8,321.03
0.92962,587.343,4337176.2,321.01
0.93121,587.266,4336665.3,320.98
0.93280,587.188,4336144.4,320.96
0.93440,587.109,4335613.8,320.94
0.93599,587.028,4335073.7,320.92
0.93759,586.946,4334524.4,320.90
0.93919,586.862,4333965.9,320.87
0.94080,586.777,4333396.9,320.85
0.94241,586.691,4332817.3,320.82
0.94401,586.602,4332227.6,320.80
0.94563,586.513,4331627.9,320.78
0.94724,586.422,4331018.6,320.75
0.94886,586.329,4330399.7,320.73
0.95048,586.235,4329771.3,320.70
0.95210,586.139,4329132.0,320.67
0.95372,586.042,4328482.0,320.65
0.95535,585.943,4327821.5,320.62
0.95698,585.843,4327150.9,320.59
0.95861,585.741,4326470.4,320.56
0.96024,585.638,4325780.2,320.54
0.96188,585.533,4325079.9,320.51
0.96351,585.427,4324368.3,320.48
0.96515,585.319,4323645.9,320.45
0.96680,585.209,4322912.9,320.42
0.96844,585.098,4322169.6,320.39
0.97009,584.985,4321416.1,320.36
0.97174,584.871,4320652.7,320.33
0.97340,584.755,4319878.6,320.30
0.97505,584.638,4319093.0,320.27
0.97671,584.519,4318296.4,320.23
0.97837,584.398,4317489.0,320.20
0.98003,584.275,4316671.1,320.17
0.98170,584.152,4315842.9,320.14
0.98337,584.026,4315004.5,320.10
0.98504,583.899,4314154.6,320.07
0.98671,583.770,4313293.1,320.03
0.98838,583.640,4312420.4,320.00
0.99006,583.507,4311536.8,319.96
0.99174,583.374,4310642.6,319.93
0.99342,583.238,4309737.9,319.89
0.99511,583.101,4308822.2,319.86
0.99680,582.963,4307894.6,319.82
0.99849,582.822,4306955.4,319.78
1.00018,582.680,4306004.8,319.75
1.00188,582.536,4305043.2,319.71
1.00357,582.391,4304070.7,319.67
1.00527,582.244,4303087.6,319.63
1.00698,582.095,4302092.6,319.59
1.00868,581.944,4301085.5,319.55
1.01039,581.792,4300066.6,319.51
1.01210,581.638,4299036.3,319.47
1.01381,581.482,4297994.9,319.43
1.01553,581.324,4296942.5,319.39
1.01725,581.165,4295878.7,319.35
1.01897,581.004,4294802.5,319.30
1.02069,580.841,4293714.1,319.26
1.02242,580.677,4292614.0,319.22
1.02415,580.511,4291502.3,319.17
1.02588,580.343,4290379.3,319.13
1.02761,580.173,4289245.2,319.09
1.02935,580.002,4288098.5,319.04
1.03109,579.828,4286939.3,319.00
1.03283,579.653,4285767.9,318.95
1.03457,579.476,4284584.7,318.90
1.03632,579.297,4283389.8,318.86
1.03807,579.117,4282183.6,318.81
1.03982,578.934,4280965.1,318.76
1.04157,578.750,4279733.7,318.71
1.04333,578.564,4278489.8,318.67
1.04509,578.376,4277233.7,318.62
1.04685,578.187,4275965.6,318.57
1.04861,577.995,4274685.9,318.52
1.05038,577.802,4273394.2,318.47
1.05215,577.607,4272089.3,318.42
1.05392,577.410,4270771.5,318.37
1.05570,577.211,4269441.2,318.31
1.05748,577.010,4268098.6,318.26
1.05926,576.807,4266744.2,318.21
1.06104,576.603,4265377.8,318.16
1.06282,576.397,4263998.1,318.10
1.06461,576.188,4262605.1,318.05
1.06640,575.978,4261199.4,317.99
1.06820,575.766,4259781.1,317.94
1.06999,575.552,4258350.5,317.88
1.07179,575.336,4256907.9,317.83
1.07359,575.118,4255452.0,317.77
1.07540,574.898,4253982.6,317.72
1.07720,574.677,4252500.1,317.66
1.07901,574.453,4251004.7,317.60
1.08082,574.227,4249496.8,317.54
1.08264,574.000,4247976.7,317.48
1.08445,573.771,4246443.2,317.42
1.08627,573.539,4244896.0,317.36
1.08810,573.306,4243335.3,317.30
1.08992,573.070,4241761.6,317.24
1.09175,572.833,4240175.2,317.18
1.09358,572.594,4238576.2,317.12
1.09541,572.353,4236963.9,317.06
1.09725,572.109,4235337.6,317.00
1.09909,571.864,4233697.6,316.93
1.10093,571.617,4232044.3,316.87
1.10277,571.368,4230378.0,316.80
1.10462,571.116,4228699.0,316.74
1.10647,570.863,4227006.6,316.67
1.10832,570.608,4225299.9,316.61
1.11017,570.351,4223579.3,316.54
1.11203,570.091,4221845.2,316.48
1.11389,569.830,4220097.8,316.41
1.11575,569.567,4218337.6,316.34
1.11762,569.301,4216563.7,316.27
1.11949,569.034,4214775.3,316.20
1.12136,568.764,4212972.8,316.13
1.12323,568.492,4211156.6,316.06
1.12511,568.219,4209327.0,315.99
1.12699,567.943,4207484.2,315.92
1.12887,567.665,4205627.6,315.85
1.13075,567.386,4203756.3,315.78
1.13264,567.103,4201870.7,315.71
1.13453,566.819,4199971.2,315.63
1.13642,566.533,4198058.1,315.56
1.13832,566.245,4196131.7,315.49
1.14022,565.955,4194191.2,315.41
1.14212,565.662,4192235.8,315.34
1.14402,565.368,4190265.9,315.26
1.14593,565.071,4188282.0,315.19
1.14784,564.772,4186284.3,315.11
1.14975,564.471,4184273.2,315.03
1.15166,564.168,4182247.5,314.95
1.15358,563.863,4180206.8,314.88
1.15550,563.556,4178151.5,314.80
1.15742,563.246,4176082.0,314.72
1.15935,562.934,4173998.7,314.64
1.16128,562.621,4171901.6,314.56
1.16321,562.305,4169789.6,314.48
1.16514,561.987,4167662.5,314.39
1.16708,561.666,4165520.7,314.31
1.16902,561.344,4163364.5,314.23
1.17096,561.019,4161194.3,314.15
1.17291,560.692,4159010.3,314.06
1.17486,560.363,4156810.8,313.98
1.17681,560.032,4154596.2,313.89
1.17876,559.699,4152366.7,313.81
1.18072,559.363,4150122.8,313.72
1.18268,559.025,4147864.8,313.63
1.18464,558.685,4145592.5,313.55
1.18660,558.343,4143304.6,313.46
1.18857,557.999,4141001.3,313.37
1.19054,557.652,4138683.3,313.28
1.19251,557.303,4136350.7,313.19
1.19449,556.952,4134004.0,313.10
1.19647,556.599,4131642.3,313.01
1.19845,556.243,4129264.8,312.92
1.20043,555.885,4126872.1,312.83
1.20242,555.525,4124464.4,312.74
1.20441,555.163,4122042.2,312.64
1.20640,554.798,4119605.6,312.55
1.20840,554.431,4117153.5,312.46
1.21040,554.062,4114685.6,312.36
1.21240,553.691,4112202.3,312.26
1.21440,553.317,4109704.2,312.17
1.21641,552.941,4107191.4,312.07
1.21842,552.563,4104664.0,311.98
1.22043,552.183,4102120.5,311.88
1.22245,551.800,4099561.2,311.78
1.22447,551.415,4096986.7,311.68
1.22649,551.027,4094397.1,311.58
1.22851,550.638,4091793.1,311.48
1.23054,550.246,4089173.6,311.38
1.23257,549.852,4086537.9,311.28
1.23460,549.455,4083886.5,311.18
1.23664,549.056,4081219.8,311.07
1.23868,548.655,4078538.2,310.97
1.24072,548.252,4075841.9,310.87
1.24276,547.846,4073129.4,310.76
1.24481,547.438,4070400.8,310.66
1.24686,547.028,4067656.5,310.55
1.24891,546.615,4064897.0,310.45
1.25097,546.200,4062122.5,310.34
1.25303,545.782,4059332.7,310.23
1.25509,545.363,4056526.4,310.12
1.25715,544.941,4053704.1,310.02
1.25922,544.516,4050866.3,309.91
1.26129,544.089,4048013.2,309.80
1.26336,543.660,4045145.2,309.69
1.26544,543.229,4042261.0,309.58
1.26752,542.795,4039360.3,309.46
1.26960,542.359,4036443.8,309.35
1.27168,541.920,4033511.8,309.24
1.27377,541.479,4030564.7,309.13
1.27586,541.036,4027602.0,309.01
1.27795,540.591,4024622.7,308.90
1.28005,540.142,4021627.2,308.78
1.28215,539.692,4018615.9,308.66
1.28425,539.239,4015589.2,308.55
1.28636,538.784,4012547.5,308.43
1.28846,538.327,4009489.2,308.31
1.29057,537.867,4006414.3,308.19
1.29269,537.405,4003323.4,308.07
1.29480,536.940,4000216.9,307.95
1.29692,536.473,3997095.1,307.83
1.29905,536.004,3993957.5,307.71
1.30117,535.532,3990803.0,307.59
1.30330,535.057,3987632.2,307.47
1.30543,534.581,3984445.6,307.35
1.30756,534.102,3981243.5,307.22
1.30970,533.621,3978026.1,307.10
1.31184,533.137,3974791.8,306.97
1.31398,532.651,3971540.9,306.85
1.31613,532.162,3968273.9,306.72
1.31828,531.671,3964991.2,306.59
1.32043,531.177,3961693.2,306.47
1.32258,530.682,3958378.9,306.34
1.32474,530.183,3955047.7,306.21
1.32690,529.683,3951700.2,306.08
1.32906,529.180,3948336.8,305.95
1.33123,528.674,3944957.9,305.82
1.33340,528.166,3941563.2,305.69
1.33557,527.656,3938151.6,305.55
1.33775,527.143,3934723.3,305.42
1.33992,526.628,3931279.0,305.29
1.34210,526.111,3927819.1,305.15
1.34429,525.591,3924343.7,305.02
1.34648,525.068,3920851.4,304.88
1.34866,524.543,3917342.4,304.74
1.35086,524.016,3913817.1,304.61
1.35305,523.486,3910276.0,304.47
1.35525,522.954,3906719.4,304.33
1.35745,522.420,3903146.4,304.19
1.35966,521.883,3899556.5,304.05
1.36187,521.344,3895950.2,303.91
1.36408,520.802,3892327.9,303.77
1.36629,520.258,3888690.0,303.63
1.36851,519.711,3885036.2,303.49
1.37072,519.162,3881365.4,303.35
1.37295,518.610,3877678.0,303.20
1.37517,518.056,3873974.5,303.06
1.37740,517.500,3870255.3,302.91
1.37963,516.941,3866520.6,302.77
1.38187,516.380,3862768.8,302.62
1.38410,515.817,3859000.3,302.47
1.38634,515.250,3855215.6,302.32
1.38859,514.682,3851415.2,302.18
1.39083,514.111,3847599.3,302.03
1.39308,513.538,3843766.6,301.88
1.39533,512.962,3839917.1,301.73
1.39759,512.384,3836051.3,301.58
1.39984,511.803,3832169.7,301.42
1.40211,511.220,3828272.7,301.27
1.40437,510.635,3824359.2,301.12
1.40664,510.047,3820428.9,300.96
1.40891,509.457,3816482.2,300.81
1.41118,508.864,3812519.6,300.65
1.41345,508.269,3808541.5,300.50
1.41573,507.671,3804547.4,300.34
1.41801,507.072,3800536.4,300.18
1.42030,506.469,3796508.9,300.03
1.42259,505.864,3792465.4,299.87
1.42488,502.517,3770089.8,299.71
1.42717,499.246,3748219.6,299.56
1.42947,496.526,3730035.8,299.40
1.43177,494.256,3714857.8,299.24
1.43407,492.352,3702130.7,299.09
1.43637,490.747,3691401.5,298.93
1.43868,489.386,3682300.7,298.77
1.44099,488.223,3674525.4,298.61
1.44331,487.221,3667829.6,298.45
1.44562,486.351,3662013.2,298.29
1.44794,485.588,3656912.8,298.13
1.45026,484.912,3652395.1,297.96
1.45259,484.307,3648350.2,297.80
1.45492,483.760,3644688.7,297.63
1.45725,483.259,3641338.9,297.47
1.45958,482.795,3638241.9,297.30
1.46192,482.363,3635349.8,297.14
1.46426,481.955,3632622.6,296.97
1.46660,481.567,3630027.5,296.80
1.46895,481.194,3627538.7,296.63
1.47130,480.835,3625135.4,296.46
1.47365,480.486,3622800.4,296.29
1.47600,480.144,3620519.3,296.12
1.47836,479.809,3618279.3,295.95
1.48072,479.479,3616071.4,295.77
1.48309,479.153,3613888.4,295.60
1.48545,478.829,3611724.2,295.43
1.48782,478.507,3609574.0,295.25
1.49019,478.187,3607431.9,295.08
1.49257,477.867,3605295.0,294.90
1.49495,477.548,3603160.8,294.72
1.49733,477.229,3601027.7,294.54
1.49971,476.910,3598893.8,294.36
1.50210,476.590,3596756.2,294.18
1.50449,476.269,3594614.0,294.00
1.50688,475.948,3592466.4,293.82
1.50928,475.626,3590313.3,293.64
1.51168,475.303,3588154.0,293.45
1.51408,474.979,3585986.8,293.27
1.51648,474.654,3583811.2,293.08
1.51889,474.327,3581627.3,292.90
1.52130,473.999,3579435.3,292.71
1.52372,473.670,3577235.1,292.52
1.52613,473.339,3575025.5,292.34
1.52855,473.007,3572806.0,292.15
1.53097,472.674,3570577.0,291.96
1.53340,472.339,3568338.9,291.76
1.53583,472.003,3566091.8,291.57
1.53826,471.665,3563834.6,291.38
1.54069,471.326,3561566.9,291.19
1.54313,470.986,3559289.2,290.99
1.54557,470.643,3557001.9,290.80
1.54802,470.300,3554705.3,290.60
1.55046,469.955,3552398.2,290.40
1.55291,469.608,3550080.3,290.21
1.55536,469.260,3547752.1,290.01
1.55782,468.910,3545414.0,289.81
1.56028,468.559,3543066.3,289.61
1.56274,468.206,3540708.0,289.41
1.56520,467.852,3538338.7,289.20
1.56767,467.496,3535958.8,289.00
1.57014,467.138,3533568.9,288.80
1.57262,466.779,3531169.3,288.59
1.57509,466.419,3528758.8,288.39
1.57757,466.057,3526337.0,288.18
1.58005,465.693,3523904.7,287.97
1.58254,465.327,3521462.2,287.76
1.58503,464.961,3519009.8,287.55
1.58752,464.592,3516546.2,287.34
1.59001,464.222,3514071.3,287.13
1.59251,463.850,3511585.7,286.92
1.59501,463.477,3509089.8,286.71
1.59751,463.102,3506583.8,286.49
1.60002,462.725,3504066.3,286.28
1.60253,462.347,3501537.5,286.06
1.60504,461.967,3498997.8,285.85
1.60756,461.586,3496447.7,285.63
1.61008,461.203,3493887.4,285.41
1.61260,460.818,3491315.2,285.19
1.61512,460.431,3488731.6,284.97
1.61765,460.043,3486137.1,284.75
1.62018,459.654,3483532.2,284.53
1.62272,459.262,3480916.5,284.30
1.62525,458.869,3478288.9,284.08
1.62779,458.475,3475649.9,283.85
1.63034,458.078,3472999.8,283.63
1.63288,457.680,3470339.3,283.40
1.63543,457.281,3467667.6,283.17
1.63798,456.879,3464983.8,282.95
1.64054,456.476,3462288.5,282.72
1.64310,456.071,3459582.1,282.48
1.64566,455.665,3456865.2,282.25
1.64822,455.257,3454136.6,282.02
1.65079,454.847,3451395.8,281.79
1.65336,454.435,3448643.5,281.55
1.65593,454.022,3445880.1,281.32
1.65851,453.607,3443105.9,281.08
1.66109,453.190,3440319.5,280.84
1.66367,452.771,3437521.0,280.60
1.66626,452.351,3434711.0,280.37
1.66884,451.929,3431889.8,280.13
1.67144,451.505,3429057.5,279.88
1.67403,451.080,3426212.6,279.64
1.67663,450.652,3423355.6,279.40
1.67923,450.223,3420487.1,279.15
1.68183,449.793,3417607.4,278.91
1.68444,449.360,3414716.0,278.66
1.68705,448.926,3411811.8,278.41
1.68966,448.490,3408895.6,278.17
1.69228,448.052,3405967.8,277.92
1.69490,447.612,3403028.8,277.67
1.69752,447.170,3400077.3,277.41
1.70015,446.727,3397113.1,277.16
1.70277,446.282,3394136.9,276.91
1.70541,445.835,3391149.2,276.66
1.70804,445.386,3388149.9,276.40
1.71068,444.936,3385137.5,276.14
1.71332,444.483,3382112.6,275.89
1.71596,444.029,3379075.7,275.63
1.71861,443.573,3376027.3,275.37
1.72126,443.115,3372966.5,275.11
1.72391,442.655,3369892.6,274.85
1.72657,442.194,3366806.3,274.58
1.72923,441.730,3363708.0,274.32
1.73189,441.265,3360598.0,274.05
1.73455,440.798,3357474.8,273.79
1.73722,440.329,3354338.6,273.52
1.73989,439.858,3351190.0,273.25
1.74257,439.385,3348029.6,272.99
1.74524,438.911,3344856.7,272.71
1.74793,438.434,3341670.4,272.44
1.75061,437.955,3338471.3,272.17
1.75330,437.475,3335259.8,271.90
1.75599,436.993,3332036.4,271.62
1.75868,436.509,3328799.7,271.35
1.76137,436.023,3325549.6,271.07
1.76407,435.534,3322286.8,270.79
1.76678,435.045,3319011.7,270.52
1.76948,434.553,3315724.1,270.24
1.77219,434.059,3312422.8,269.96
1.77490,433.563,3309108.2,269.67
1.77761,433.066,3305781.0,269.39
1.78033,432.566,3302441.6,269.11
1.78305,432.064,3299088.5,268.82
1.78578,431.561,3295721.8,268.54
1.78850,431.055,3292342.1,268.25
1.79123,430.548,3288949.8,267.96
1.79397,430.039,3285544.7,267.67
1.79670,429.527,3282125.5,267.38
1.79944,429.014,3278692.8,267.09
1.80218,428.498,3275247.2,266.80
1.80493,427.981,3271789.1,266.50
1.80768,427.462,3268317.0,266.21
1.81043,426.940,3264831.0,265.91
1.81318,426.417,3261331.6,265.61
1.81594,425.891,3257819.6,265.32
1.81870,425.364,3254294.1,265.02
1.82146,424.835,3250754.3,264.71
1.82423,424.303,3247200.8,264.41
1.82700,423.770,3243634.3,264.11
1.82977,423.234,3240054.8,263.81
1.83255,422.697,3236460.8,263.50
1.83533,422.157,3232852.7,263.19
1.83811,421.615,3229231.1,262.89
1.84090,421.071,3225595.8,262.58
1.84368,420.521,3221914.5,262.24
1.84648,419.961,3218169.4,261.90
1.84927,419.392,3214370.2,261.57
1.85207,418.817,3210525.0,261.23
1.85487,373.492,2907513.3,0.00
1.85767,294.658,2380478.1,0.00
1.86047,230.114,1948976.7,0.00
1.86327,177.269,1595692.2,0.00
1.86608,134.003,1306446.4,0.00
1.86888,98.580,1069631.2,0.00
1.87168,69.578,875742.7,0.00
1.87448,45.833,716999.8,0.00
1.87728,26.393,587031.6,0.00
1.88008,10.476,480622.4,0.00
1.88289,0.000,393501.5,0.00
1.88569,0.000,322172.8,0.00
1.88849,0.000,263773.6,0.00
1.89129,0.000,215960.3,0.00
1.89409,0.000,176813.9,0.00
1.89689,0.000,144763.4,0.00
1.89970,0.000,118522.6,0.00
