engine,z_km,pa_Pa,pe_over_pa,CF,summerfield_risk
merlin,0.0,101325.0,0.6481114387987512,1.6300337022396383,0
merlin,0.25,98357.65137442901,0.6676642906639829,1.6349282979106832,0
merlin,0.5,95461.28949694506,0.6879216893292126,1.6397058020384918,0
merlin,0.75,92634.59986751726,0.7089132098611343,1.6443683828705378,0
merlin,1.0,89876.28518727126,0.7306698468839694,1.6489181802812527,0
merlin,1.25,87185.06522655275,0.7532240913697602,1.6533573059896545,0
merlin,1.5,84559.67669331301,0.7766100120564516,1.6576878437764417,0
merlin,1.75,81998.87310181576,0.8008633418015753,1.6619118497005607,0
merlin,2.0,79501.42464166699,0.8260215692017377,1.6660313523152392,0
merlin,2.25,77066.1180471672,0.8521240358323376,1.6700483528834862,0
merlin,2.5,74691.75646698673,0.8792120394880408,1.6739648255930624,0
merlin,2.75,72377.15933416435,0.9073289438327703,1.6777827177709137,0
merlin,3.0,70121.16223643001,0.9365202948984497,1.6815039500970734,0
merlin,3.25,67922.61678685134,0.9668339449047263,1.6851304168180279,0
merlin,3.5,65780.3904948051,0.9983201839075375,1.6886639859595474,0
merlin,3.75,63693.36663727341,1.0310318798229987,1.6921064995389812,0
merlin,4.0,61660.44413046505,1.065024627414862,1.6954597737770156,0
merlin,4.25,59680.53740176275,1.100356906879056,1.6987255993088957,0
merlin,4.5,57752.57626199698,1.137090252707849,1.7019057413951073,0
merlin,4.75,55875.50577804564,1.1752894335694084,1.7050019401315217,0
merlin,5.0,54048.28614576139,1.2150226439961496,1.708015910659001,0
merlin,5.25,52269.89256322587,1.256361708737949,1.7109493433724616,0
merlin,5.5,50539.31510433234,1.2993823007042313,1.7138039041293993,0
merlin,5.75,48855.55859269627,1.3441641734928578,1.7165812344578713,0
merlin,6.0,47217.64247589497,1.390791409584003,1.7192829517639352,0
merlin,6.25,45624.600700036506,1.439352685364563,1.7219106495385472,0
merlin,6.5,44075.48158465813,1.4899415542436625,1.7244658975639136,0
merlin,6.75,42569.34769795511,1.542656749223292,1.7269502421193,0
merlin,7.0,41105.275732340546,1.5976025064008057,1.7293652061862932,0
merlin,7.25,39682.35638033593,1.654888911002909,1.7317122896535173,0
merlin,7.5,38299.69421079385,1.714632267684685,1.7339929695208032,0
merlin,7.75,36956.40754545283,1.7769554969734493,1.736208700102809,0
merlin,8.0,35651.62833582498,1.8419885598968355,1.738360913232092,0
merlin,8.25,34384.50204041711,1.9098689130088924,1.7404510184616306,0
merlin,8.5,33154.18750228545,1.9807419962186248,1.7424804032667964,0
merlin,8.75,31959.856826925323,2.054761756033849,1.7444504332467718,0
merlin,9.0,30800.69526049539,2.1320912070615137,1.746362452325419,0
merlin,9.25,29675.901068377803,2.2129030348554544,1.7482177829515926,0
merlin,9.5,28584.685414074516,2.297380243476423,1.750017726298897,0
merlin,9.75,27526.272238440266,2.3857168514295184,1.7517635624648915,0
merlin,10.0,26499.89813925335,2.4781186399735255,1.753456550669736,0
merlin,10.25,25504.812251123938,2.5748039581585056,1.7550979294542792,0
merlin,10.5,24540.27612574161,2.6760045893452196,1.7566889168775903,0
merlin,10.75,23605.56361246199,2.781966684397005,1.758230710713928,0
merlin,11.0,22699.96073923335,2.8929517672153184,1.7597244886491503,0
merlin,11.25,21825.51219135328,3.008859125986525,1.7611668780064782,0
merlin,11.5,20984.795984378947,3.1294033825808003,1.7625536263891164,0
merlin,11.75,20176.526293451523,3.254766979269233,1.7638868547452853,0
merlin,12.0,19399.448482237196,3.385142190841821,1.765168632578216,0
merlin,12.25,18652.356521116562,3.520728947140688,1.7664009492151163,0
merlin,12.5,17934.09110049359,3.6617351371922084,1.7675857169192366,0
merlin,12.75,17243.53781747637,3.808376925396763,1.7687247738809144,0
merlin,13.0,16579.62543307083,3.960879080253159,1.769819887092305,0
merlin,13.25,15941.324197140315,4.119475316113568,1.7708727551103347,0
merlin,13.5,15327.644238491039,4.284408648484424,1.7718850107122304,0
merlin,13.75,14737.634017546496,4.455931763409071,1.772858223447809,0
merlin,14.0,14170.378839173023,4.634307401489058,1.7737939020925488,0
merlin,14.25,13624.999423313664,4.819808757123033,1.7746934970053065,0
merlin,14.5,13100.650531179057,5.012719893564948,1.7755584023943944,0
merlin,14.75,12596.519644831831,5.213336174427106,1.7763899584955858,0
merlin,15.0,12111.82569808545,5.42196471227819,1.7771894536654769,0
merlin,15.25,11645.817856719472,5.638924835012156,1.7779581263935031,0
merlin,15.5,11197.774346091266,5.8645485706904275,1.7786971672357765,0
merlin,15.75,10767.00132429901,6.09918115158762,1.7794077206737844,0
merlin,16.0,10352.831799122747,6.343181538199823,1.7800908869008791,0
merlin,16.25,9954.62458703961,6.596922964004304,1.7807477235393667,0
merlin,16.5,9571.763312675494,6.860793501790785,1.7813792472908954,0
merlin,16.75,9203.65544711956,7.13519665241662,1.7819864355227402,0
merlin,17.0,8849.73138358926,7.420551956871845,1.7825702277924809,0
merlin,17.25,8509.443548992322,7.717295632575178,1.7831315273134654,0
merlin,17.5,8182.2655499892,8.025881234858009,1.7836712023633674,0
merlin,17.75,7867.69135221354,8.346780344631533,1.784190087638049,0
merlin,18.0,7565.23449136079,8.680483283271125,1.7846889855528576,0
merlin,18.25,7274.427314905232,9.027499855792975,1.7851686674934029,0
merlin,18.5,6994.820253254149,9.388360123440247,1.785629875017776,0
merlin,18.75,6725.981119194094,9.763615206840191,1.7860733210121016,0
merlin,19.0,6467.494434528994,10.153838120939332,1.78649969080124,0
merlin,19.25,6218.960782852704,10.559624642971293,1.7869096432163762,0
merlin,19.5,5979.996187439615,10.981594214761628,1.7873038116211812,0
merlin,19.75,5750.231513276819,11.42039088072489,1.7876828048981508,0
merlin,20.0,5529.311892299153,11.87668426296299,1.7880472083966708,0
merlin,20.25,5316.962856636258,12.351015665704518,1.7883974748472486,0
merlin,20.5,5113.006546825871,12.843694005643512,1.7887338976263174,0
merlin,20.75,4917.108911695367,13.355386816852342,1.7890570277461202,0
merlin,21.0,4728.9422927826645,13.886803321010955,1.7893674056742237,0
merlin,21.25,4548.192728324698,14.438678274848,1.7896655492857008,0
merlin,21.5,4374.559365122137,15.01177285645316,1.7899519548332512,0
merlin,21.75,4207.753896325593,15.606875581204852,1.7902270978745651,0
merlin,22.0,4047.500023971341,16.224803248265147,1.790491434158861,0
merlin,22.25,3893.5329451492053,16.86640191862224,1.7907454004744439,0
merlin,22.5,3745.598860736743,17.532547925691777,1.7909894154590416,0
merlin,22.75,3603.4545056837474,18.224148919516537,1.791223880374593,0
merlin,23.0,3466.866699876545,18.942144945642692,1.7914491798480894,0
merlin,23.25,3335.6119186584306,19.687509559773858,1.7916656825799955,0
merlin,23.5,3209.4758821228925,20.461250979348826,1.7918737420217037,0
merlin,23.75,3088.253162338813,21.26441327321429,1.7920736970234095,0
merlin,24.0,2971.74680770414,22.09807759060657,1.7922658724537346,0
merlin,24.25,2859.767983662049,22.9633634306901,1.7924505797923607,0
merlin,24.5,2752.135629048695,23.861429953938337,1.7926281176968777,0
merlin,24.75,2648.676127374861,24.793477336683587,1.7927987725449994,0
merlin,25.0,2549.2229923759137,25.760748170201524,1.7929628189532452,0
merlin,25.25,2453.6165671948884,26.76452890573728,1.7931205202731313,0
merlin,25.5,2361.7037365923898,27.80615134692381,1.7932721290658777,0
merlin,25.75,2273.3376516047338,28.886994191086192,1.793417887556579,0
merlin,26.0,2188.377466098144,30.00848462097001,1.7935580280687549,0
merlin,26.25,2106.688084691627,31.172099948481982,1.793692773440147,0
merlin,26.5,2028.1399215455363,32.379369312073884,1.7938223374205942,0
merlin,26.75,1952.608669535376,33.63187542945287,1.7939469250527758,0
merlin,27.0,1879.9750793520616,34.93125640735449,1.7940667330365834,0
merlin,27.25,1810.1247480911418,36.27920761015799,1.7941819500778384,0
merlin,27.5,1742.9479169125407,37.67748358918904,1.7942927572220506,0
merlin,27.75,1678.3392773717922,39.12790007460215,1.7943993281738704,0
merlin,28.0,1616.1977860417157,40.632336031790885,1.7945018296028685,0
merlin,28.25,1556.4264870603427,42.19273578433868,1.7946004214362399,0
merlin,28.5,1498.9323422574894,43.81111120558007,1.7946952571390073,0
merlin,28.75,1443.6260685281343,45.489543980899406,1.7947864839822723,0
merlin,29.0,1390.4219821353322,47.230187942966296,1.7948742433000338,0
merlin,29.25,1339.2378496399006,49.03527148216505,1.7949586707350778,0
merlin,29.5,1289.9947451675705,50.907100034545444,1.7950398964744134,0
merlin,29.75,1242.6169137371605,52.84805864969421,1.795118045474711,0
merlin,30.0,1197.0316403859647,54.86061464098744,1.795193237678177,0
merlin,30.25,1153.1691248398463,56.94732032077584,1.795265588219284,0
merlin,30.5,1110.9623614874333,59.110815823103195,1.7953352076227518,0
merlin,30.75,1070.3470244277696,61.35383201666954,1.7954022019931595,0
merlin,31.0,1031.2613573718463,63.67919351079165,1.7954666731965507,0
merlin,31.25,993.6460681874449,66.08982175723284,1.7955287190343807,0
merlin,31.5,957.4442278866817,68.58873825082564,1.7955884334101346,0
merlin,31.75,922.6011738640583,71.17906783192504,1.7956459064889347,0
merlin,32.0,889.064417201741,73.8640420937936,1.7957012248504396,0
merlin,32.25,856.787382574229,76.64666038729166,1.7957544653199282,0
merlin,32.5,825.764374917521,79.52618632021115,1.7958056372913207,0
merlin,32.75,795.9554103407638,82.50448540599645,1.7958548067174267,0
merlin,33.0,767.3094559623147,85.58462433376913,1.7959020577761953,0
merlin,33.25,739.7777710677359,88.76975505968612,1.7959474708646812,0
merlin,33.5,713.3137976020131,92.06311690177537,1.7959911227796763,0
merlin,33.75,687.8730562044191,95.46803867946237,1.796033086889198,0
merlin,34.0,663.4130474898392,98.98794089859872,1.7960734332953252,0
merlin,34.25,639.893158297082,102.62633798280905,1.796112228988839,0
merlin,34.5,617.2745726403115,106.38684055199143,1.7961495379961079,0
merlin,34.75,595.52018711452,110.2731577488153,1.7961854215186246,0
merlin,35.0,574.5945305198164,114.28909961407763,1.796219938065585,0
merlin,35.25,554.4636874824339,118.43857951178087,1.7962531435798734,0
merlin,35.5,535.0952258625884,122.7256166048235,1.7962850915578032,0
merlin,35.75,516.4581277510031,127.15433838219022,1.7963158331629356,0
merlin,36.0,498.5227238667477,131.72898323855875,1.7963454173342912,0
merlin,36.25,481.26063117941095,136.45390310723784,1.7963738908892393,0
merlin,36.5,464.64469358825875,141.3335661473761,1.7964012986213485,0
merlin,36.75,448.6489255002115,146.37255948638733,1.7964276833934525,0
merlin,37.0,433.24845815705714,151.57559201855818,1.7964530862261834,0
merlin,37.25,418.41948857048186,156.9474972608058,1.7964775463822025,0
merlin,37.5,404.1392309310967,162.49323626658702,1.79650110144635,0
merlin,37.75,390.38587036493453,168.21790059895085,1.796523787401923,0
merlin,38.0,377.1385189176503,174.12671536375936,1.7965456387032794,0
merlin,38.25,364.37717365311045,180.2250423041089,1.7965666883449527,0
merlin,38.5,352.082676759133,186.51838295699392,1.7965869679274584,0
merlin,38.75,340.23667755884713,193.01238187327772,1.7966065077199536,0
merlin,39.0,328.8215963315534,199.71282990204816,1.796625336719916,0
merlin,39.25,317.82058985207453,206.62566754044684,1.7966434827099855,0
merlin,39.5,307.217518562409,213.75698835007387,1.7966609723121127,0
merlin,39.75,296.99691529401895,221.11304244110428,1.7966778310391534,0
merlin,40.0,287.1439554634397,228.700240025233,1.7966940833440286,0
merlin,40.25,277.6444286678973,236.52515503861997,1.7967097526665778,0
merlin,40.5,268.4847116115104,244.59452883598786,1.7967248614782172,0
merlin,40.75,259.6517422962357,252.91527395707186,1.7967394313245104,0
merlin,41.0,251.13299541517796,261.4944779666118,1.7967534828657576,0
merlin,41.25,242.91645888911162,270.33940736910284,1.7967670359156975,0
merlin,41.5,234.99061149011334,279.45751159954904,1.7967801094784175,0
merlin,41.75,227.34440149912496,288.8564270914594,1.7967927217835573,0
merlin,42.0,219.96722634699285,298.5439814233546,1.7968048903198908,0
merlin,42.25,212.84891319111756,308.5281975450742,1.7968166318673644,0
merlin,42.5,205.9797003823125,318.81729808517844,1.7968279625276675,0
merlin,42.75,199.3502197787757,329.41970974077236,1.7968388977534053,0
merlin,43.0,192.95147986629368,340.34406775107203,1.7968494523759413,0
merlin,43.25,186.77484964584943,351.59922045608675,1.796859640631975,0
merlin,43.5,180.81204325179618,363.1942339417765,1.7968694761889137,0
merlin,43.75,175.05510526561304,375.1383967730722,1.7968789721690972,0
merlin,44.0,169.4963966920168,387.44122481617626,1.7968881411729298,0
merlin,44.25,164.1285815658824,400.11246615156483,1.796896995300973,0
merlin,44.5,158.9446141600066,413.1621060791327,1.7969055461750445,0
merlin,44.75,153.93772676523963,426.6003722169571,1.7969138049583762,0
merlin,45.0,149.10141801594327,440.43773969514797,1.7969217823748698,0
merlin,45.25,144.42944173506737,454.6849364462984,1.796929488727498,0
merlin,45.5,139.91579627442025,469.3529485940495,1.7969369339158867,0
merlin,45.75,135.55471432691203,484.453025941318,1.7969441274531197,0
merlin,46.0,131.3406531887007,499.99668755974386,1.7969510784818012,0
merlin,46.25,127.26828545025629,515.9957274819343,1.7969577957894112,0
merlin,46.5,123.33249009638683,532.4622204981114,1.7969642878229846,0
merlin,46.75,119.52834399624878,549.4085280587876,1.7969705627031496,0
merlin,47.0,115.85111376529368,566.8473042851026,1.7969766282375512,0
merlin,47.25,112.29624798197992,584.7915020884889,1.7969824919336888,0
merlin,47.5,108.8578208293705,603.2629629727562,1.7969881635661054,0
merlin,47.75,105.52560245755036,622.3124057756543,1.7969936600087806,0
merlin,48.0,102.29563402712486,641.9618213507562,1.7969989877917585,0
merlin,48.25,99.16477036569029,662.230057046594,1.7970041521029527,0
merlin,48.5,96.12996327893501,683.1365507311468,1.7970091579703122,0
merlin,48.75,93.18825855322542,704.7013492453606,1.797014010266767,0
merlin,49.0,90.33679305105952,726.9451274318095,1.797018713715018,0
merlin,49.25,87.57279189650264,749.8892077563888,1.7970232728921802,0
merlin,49.5,84.89356574781098,773.555580541471,1.7970276922342812,0
merlin,49.75,82.29650815453691,797.9669248295216,1.7970319760406206,0
merlin,50.0,79.77909299649131,823.146629896778,1.7970361284779945,0
rs25,0.0,101325.0,0.21292204966870065,1.5874723926592322,1
rs25,0.25,98357.65137442901,0.2193456877142349,1.5974115700943974,1
rs25,0.5,95461.28949694506,0.2260007883443845,1.6071129763830572,1
rs25,0.75,92634.59986751726,0.2328970677644847,1.6165810144622086,1
rs25,1.0,89876.28518727126,0.240044708542722,1.6258200296533238,1
rs25,1.25,87185.06522655275,0.24745438483781165,1.6348343101042742,1
rs25,1.5,84559.67669331301,0.25513728914702904,1.6436280872301743,1
rs25,1.75,81998.87310181576,0.2631051606757186,1.6522055361531505,1
rs25,2.0,79501.42464166699,0.2713703154367615,1.6605707761410273,1
rs25,2.25,77066.1180471672,0.2799456781964396,1.6687278710449345,1
rs25,2.5,74691.75646698673,0.28884481639170995,1.6766808297358302,1
rs25,2.75,72377.15933416435,0.29808197615317733,1.684433606539944,1
rs25,3.0,70121.16223643001,0.30767212057806703,1.6919901016731318,1
rs25,3.25,67922.61678685134,0.31763097040833554,1.6993541616741479,1
rs25,3.5,65780.3904948051,0.3279750472807681,1.706529579836827,1
rs25,3.75,63693.36663727341,0.3387217197285939,1.7135200966411808,1
rs25,4.0,61660.44413046505,0.3498892521278759,1.7203294001834029,1
rs25,4.25,59680.53740176275,0.3614968567968,1.7269611266047844,1
rs25,4.5,57752.57626199698,0.3735647494720973,1.7334188605195338,1
rs25,4.75,55875.50577804564,0.38611420840431987,1.7397061354415067,1
rs25,5.0,54048.28614576139,0.3991676373326226,1.7458264342098375,1
rs25,5.25,52269.89256322587,0.4127486326202929,1.7517831894134759,0
rs25,5.5,50539.31510433234,0.42688205485459174,1.757579783814624,0
rs25,5.75,48855.55859269627,0.44159410523875126,1.7632195507710748,0
rs25,6.0,47217.64247589497,0.45691240713034287,1.7687057746574482,0
rs25,6.25,45624.600700036506,0.47286609310892735,1.7740416912853236,0
rs25,6.5,44075.48158465813,0.48948589798711856,1.7792304883222707,0
rs25,6.75,42569.34769795511,0.5068042582131803,1.784275305709771,0
rs25,7.0,41105.275732340546,0.5248554181503029,1.7891792360800334,0
rs25,7.25,39682.35638033593,0.5436755437580811,1.7939453251716995,0
rs25,7.5,38299.69421079385,0.5633028442457091,1.7985765722444373,0
rs25,7.75,36956.40754545283,0.5837777023144565,1.8030759304924244,0
rs25,8.0,35651.62833582498,0.6051428136594217,1.8074463074567118,0
rs25,8.25,34384.50204041711,0.627443336457851,1.811690565436476,0
rs25,8.5,33154.18750228545,0.6507270516339418,1.81581152189915,0
rs25,8.75,31959.856826925323,0.6750445347585319,1.8198119498894338,0
rs25,9.0,30800.69526049539,0.7004493405170652,1.8236945784371847,0
rs25,9.25,29675.901068377803,0.7269982007613031,1.8274620929641805,0
rs25,9.5,28584.685414074516,0.7547512372502212,1.8311171356897595,0
rs25,9.75,27526.272238440266,0.7837721902841854,1.8346623060353304,0
rs25,10.0,26499.89813925335,0.8141286645447069,1.8381001610277528,0
rs25,10.25,25504.812251123938,0.8458923935709569,1.8414332157015842,0
rs25,10.5,24540.27612574161,0.879139524434716,1.844663943500195,0
rs25,10.75,23605.56361246199,0.9139509243190215,1.8477947766757432,0
rs25,11.0,22699.96073923335,0.9504125108636522,1.850828106688014,0
rs25,11.25,21825.51219135328,0.9884911975274653,1.8537570848338258,0
rs25,11.5,20984.795984378947,1.028093229914696,1.856573076012526,0
rs25,11.75,20176.526293451523,1.0692785452212972,1.8592803871132053,0
rs25,12.0,19399.448482237196,1.1121103108902963,1.861883220558535,0
rs25,12.25,18652.356521116562,1.1566542092553578,1.8643856159622885,0
rs25,12.5,17934.09110049359,1.2029785374563706,1.8667914564488413,0
rs25,12.75,17243.53781747637,1.2511543113162926,1.8691044747269085,0
rs25,13.0,16579.62543307083,1.3012553733359682,1.8713282589271019,0
rs25,13.25,15941.324197140315,1.3533585049698238,1.8734662582125003,0
rs25,13.5,15327.644238491039,1.407543543351775,1.8755217881710828,0
rs25,13.75,14737.634017546496,1.4638935026473647,1.8774980359985183,0
rs25,14.0,14170.378839173023,1.5224947002150975,1.879398065479478,0
rs25,14.25,13624.999423313664,1.5834368877671567,1.8812248217753176,0
rs25,14.5,13100.650531179057,1.6468133877271975,1.8829811360256714,0
rs25,14.75,12596.519644831831,1.7127212349907084,1.8846697297712034,0
rs25,15.0,12111.82569808545,1.7812613243015385,1.8862932192044801,0
rs25,15.25,11645.817856719472,1.8525385634666278,1.8878541192556575,0
rs25,15.5,11197.774346091266,1.9266620326397186,1.8893548475194122,0
rs25,15.75,10767.00132429901,2.0037451499139385,1.8907977280292987,0
rs25,16.0,10352.831799122747,2.0839058434726243,1.8921849948854716,0
rs25,16.25,9954.62458703961,2.1672667305575457,1.8935187957414783,0
rs25,16.5,9571.763312675494,2.2539553035239703,1.8948011951556105,0
rs25,16.75,9203.65544711956,2.3441041232625834,1.8960341778120844,0
rs25,17.0,8849.73138358926,2.4378510202793313,1.897219651617113,0
rs25,17.25,8509.443548992322,2.5353393037357774,1.8983594506747434,0
rs25,17.5,8182.2655499892,2.636717978764399,1.8994553381471326,0
rs25,17.75,7867.69135221354,2.7421419723857436,1.9005090090037597,0
rs25,18.0,7565.23449136079,2.8517723683671874,1.9015220926638976,0
rs25,18.25,7274.427314905232,2.9657766513764603,1.9024961555364914,0
rs25,18.5,6994.820253254149,3.084328960796988,1.9034327034614393,0
rs25,18.75,6725.981119194094,3.207610354586622,1.9043331840561064,0
rs25,19.0,6467.494434528994,3.335809083576317,1.9051989889707615,0
rs25,19.25,6218.960782852704,3.4691208766209196,1.9060314560564733,0
rs25,19.5,5979.996187439615,3.6077492370305877,1.9068318714488763,0
rs25,19.75,5750.231513276819,3.751905750728074,1.907601471571072,0
rs25,20.0,5529.311892299153,3.9018104065947767,1.908341445058813,0
rs25,20.25,5316.962856636258,4.057641037637406,1.9090527112462274,0
rs25,20.5,5113.006546825871,4.219499131303544,1.9097358658761747,0
rs25,20.75,4917.108911695367,4.387603990500689,1.9103920278579227,0
rs25,21.0,4728.9422927826645,4.562188613637333,1.9110222946882613,0
rs25,21.25,4548.192728324698,4.743494388072662,1.9116277179866885,0
rs25,21.5,4374.559365122137,4.931771381294021,1.9122093054653766,0
rs25,21.75,4207.753896325593,5.127278641823802,1.9127680228123165,0
rs25,22.0,4047.500023971341,5.3302845101685055,1.9133047954915614,0
rs25,22.25,3893.5329451492053,5.541066940132014,1.9138205104643151,0
rs25,22.5,3745.598860736743,5.759913830825311,1.9143160178344345,0
rs25,22.75,3603.4545056837474,5.9871233697142,1.914792132421748,0
rs25,23.0,3466.866699876545,6.223004387059172,1.915249635266442,0
rs25,23.25,3335.6119186584306,6.467876722109267,1.9156892750676096,0
rs25,23.5,3209.4758821228925,6.722071601426355,1.9161117695589178,0
rs25,23.75,3088.253162338813,6.985932029724631,1.916517806824214,0
rs25,24.0,2971.74680770414,7.259813193624193,1.9169080465557573,0
rs25,24.25,2859.767983662049,7.544082878728607,1.917283121257646,0
rs25,24.5,2752.135629048695,7.839121900448812,1.9176436373968848,0
rs25,24.75,2648.676127374861,8.145324549009207,1.9179901765044332,0
rs25,25.0,2549.2229923759137,8.46309904908456,1.9183232962284587,0
rs25,25.25,2453.6165671948884,8.792868034529972,1.918643531341929,0
rs25,25.5,2361.7037365923898,9.135069038680461,1.9189513947065686,0
rs25,25.75,2273.3376516047338,9.490155000710924,1.9192473781951194,0
rs25,26.0,2188.377466098144,9.858594788561733,1.919531953573758,0
rs25,26.25,2106.688084691627,10.240873738951775,1.9198055733464303,0
rs25,26.5,2028.1399215455363,10.637494215014742,1.9200686715627935,0
rs25,26.75,1952.608669535376,11.048976182111653,1.9203216645913712,0
rs25,27.0,1879.9750793520616,11.475857802389989,1.920564951859461,0
rs25,27.25,1810.1247480911418,11.918696048674102,1.9207989165612571,0
rs25,27.5,1742.9479169125407,12.378067338293087,1.9210239263355933,0
rs25,27.75,1678.3392773717922,12.854568187467775,1.9212403339146376,0
rs25,28.0,1616.1977860417157,13.348815886896801,1.9214484777448209,0
rs25,28.25,1556.4264870603427,13.86144919920311,1.9216486825812147,0
rs25,28.5,1498.9323422574894,14.393129078920772,1.9218412600565253,0
rs25,28.75,1443.6260685281343,14.944539415721032,1.9220265092258129,0
rs25,29.0,1390.4219821353322,15.51638780159995,1.9222047170880023,0
rs25,29.25,1339.2378496399006,16.109406322769388,1.9223761590851958,0
rs25,29.5,1289.9947451675705,16.72435237701576,1.9225410995807584,0
rs25,29.75,1242.6169137371605,17.362009517314934,1.922699792317103,0
rs25,30.0,1197.0316403859647,18.02318832251149,1.9228524808540561,0
rs25,30.25,1153.1691248398463,18.708727295900648,1.9229993989886522,0
rs25,30.5,1110.9623614874333,19.419493792567277,1.9231407711571629,0
rs25,30.75,1070.3470244277696,20.156384976372678,1.9232768128201296,0
rs25,31.0,1031.2613573718463,20.920328807493508,1.9234077308311421,0
rs25,31.25,993.6460681874449,21.712285061456345,1.9235337237900607,0
rs25,31.5,957.4442278866817,22.53324638062837,1.9236549823813596,0
rs25,31.75,922.6011738640583,23.38423935916213,1.9237716896982313,0
rs25,32.0,889.064417201741,24.26632566241326,1.9238840215530713,0
rs25,32.25,856.787382574229,25.18049065785813,1.9239921339506099,0
rs25,32.5,825.764374917521,26.12649242083855,1.9240960459665475,0
rs25,32.75,795.9554103407638,27.104943822725836,1.9241958915275084,0
rs25,33.0,767.3094559623147,28.116852353427383,1.9242918415688732,0
rs25,33.25,739.7777710677359,29.163253515366435,1.9243840593483743,0
rs25,33.5,713.3137976020131,30.24521151169193,1.9244727008128955,0
rs25,33.75,687.8730562044191,31.36381994917058,1.924557914946703,0
rs25,34.0,663.4130474898392,32.52020255602755,1.9246398441021062,0
rs25,34.25,639.893158297082,33.71551391500395,1.92471862431348,0
rs25,34.5,617.2745726403115,34.95094021190558,1.9247943855955343,0
rs25,34.75,595.52018711452,36.22769999992006,1.9248672522266643,0
rs25,35.0,574.5945305198164,37.547044979985316,1.9249373430181709,0
rs25,35.25,554.4636874824339,38.91026079749288,1.9250047715700922,0
rs25,35.5,535.0952258625884,40.318667855618926,1.9250696465143529,0
rs25,35.75,516.4581277510031,41.77362214557421,1.9251320717458915,0
rs25,36.0,498.5227238667477,43.27651609407436,1.9251921466423971,0
rs25,36.25,481.26063117941095,44.82877942833084,1.925249966273243,0
rs25,36.5,464.64469358825875,46.43188005887142,1.9253056215981843,0
rs25,36.75,448.6489255002115,48.08732498050065,1.9253591996563433,0
rs25,37.0,433.24845815705714,49.79666119171778,1.925410783745988,0
rs25,37.25,418.41948857048186,51.5614766329101,1.925460453595574,0
rs25,37.5,404.1392309310967,53.38340114365039,1.925508285526502,0
rs25,37.75,390.38587036493453,55.26410743942478,1.9255543526080101,0
rs25,38.0,377.1385189176503,57.2053121081274,1.9255987248046054,0
rs25,38.25,364.37717365311045,59.208776626661034,1.9256414691164137,0
rs25,38.5,352.082676759133,61.27630839798612,1.9256826497128061,0
rs25,38.75,340.23667755884713,63.40976180896785,1.925722328059642,0
rs25,39.0,328.8215963315534,65.61103930937533,1.925760563040452,0
rs25,39.25,317.82058985207453,67.88209251239067,1.9257974110718639,0
rs25,39.5,307.217518562409,70.2249233169899,1.925832926213562,0
rs25,39.75,296.99691529401895,72.64158505256896,1.9258671602730533,0
rs25,40.0,287.1439554634397,75.1341836461817,1.9259001629054957,0
rs25,40.25,277.6444286678973,77.70487881277494,1.9259319817088398,0
rs25,40.5,268.4847116115104,80.35588526879891,1.9259626623145143,0
rs25,40.75,259.6517422962357,83.08947396958742,1.9259922484738712,0
rs25,41.0,251.13299541517796,85.90797337089855,1.9260207821406088,0
rs25,41.25,242.91645888911162,88.81377071501569,1.926048303549361,0
rs25,41.5,234.99061149011334,91.80931334181741,1.926074851290649,0
rs25,41.75,227.34440149912496,94.89711002522371,1.9261004623823663,0
rs25,42.0,219.96722634699285,98.07973233543495,1.926125172337973,0
rs25,42.25,212.84891319111756,101.35981602738771,1.9261490152315535,0
rs25,42.5,205.9797003823125,104.740062455852,1.9261720237598936,0
rs25,42.75,199.3502197787757,108.22324001760673,1.926194229301721,0
rs25,43.0,192.95147986629368,111.81218562112656,1.9262156619742432,0
rs25,43.25,186.77484964584943,115.50980618423175,1.9262363506871176,0
rs25,43.5,180.81204325179618,119.31908016014732,1.9262563231939716,0
rs25,43.75,175.05510526561304,123.24305909242767,1.926275606141595,0
rs25,44.0,169.4963966920168,127.28486919921193,1.9262942251169144,0
rs25,44.25,164.1285815658824,131.4477129872776,1.9263122046918515,0
rs25,44.5,158.9446141600066,135.7348708963653,1.926329568466172,0
rs25,44.75,153.93772676523963,140.14970297425978,1.9263463391084168,0
rs25,45.0,149.10141801594327,144.69565058310963,1.9263625383950043,0
rs25,45.25,144.42944173506737,149.37623813748263,1.9263781872475956,0
rs25,45.5,139.91579627442025,154.1950748746542,1.9263933057687985,0
rs25,45.75,135.55471432691203,159.1558566576381,1.9264079132762928,0
rs25,46.0,131.3406531887007,164.26236781147014,1.926422028335445,0
rs25,46.25,127.26828545025629,169.51848299326366,1.926435668790491,0
rs25,46.5,123.33249009638683,174.92816909656426,1.9264488517943463,0
rs25,46.75,119.52834399624878,180.4954871905376,1.926461593837109,0
rs25,47.0,115.85111376529368,186.22459449452668,1.9264739107733195,0
rs25,47.25,112.29624798197992,192.11974638852678,1.9264858178480306,0
rs25,47.5,108.8578208293705,198.18811839433965,1.9264973349098524,0
rs25,47.75,105.52560245755036,204.44637301511514,1.9265084962238164,0
rs25,48.0,102.29563402712486,210.90173483807152,1.9265193150501123,0
rs25,48.25,99.16477036569029,217.5603957244228,1.9265298019235415,0
rs25,48.5,96.12996327893501,224.42874153691352,1.9265399670540748,0
rs25,48.75,93.18825855322542,231.51335820229644,1.9265498203368938,0
rs25,49.0,90.33679305105952,238.8210379627602,1.9265593713621196,0
rs25,49.25,87.57279189650264,246.35878582218297,1.9265686294242392,0
rs25,49.5,84.89356574781098,254.13382619326953,1.926577603531242,0
rs25,49.75,82.29650815453691,262.1536097518097,1.926586302413472,0
rs25,50.0,79.77909299649131,270.42582050450153,1.9265947345322052,0
raptor,0.0,101325.0,0.6179580156338897,1.7493384453792147,0
raptor,0.25,98357.65137442901,0.6366011699053481,1.7532949102133093,0
raptor,0.5,95461.28949694506,0.6559160918951096,1.7571567260499545,0
raptor,0.75,92634.59986751726,0.6759309806881345,1.7609256455558584,0
raptor,1.0,89876.28518727126,0.6966753888819125,1.764603398462853,0
raptor,1.25,87185.06522655275,0.7181802958040825,1.768191691743811,0
raptor,1.5,84559.67669331301,0.7404781851425343,1.7716922097881307,0
raptor,1.75,81998.87310181576,0.7636031272814816,1.7751066145767938,0
raptor,2.0,79501.42464166699,0.7875908666583483,1.778436545856992,0
raptor,2.25,77066.1180471672,0.8124789144794022,1.7816836213163252,0
raptor,2.5,74691.75646698673,0.8383066471569607,1.7848494367565657,0
raptor,2.75,72377.15933416435,0.8651154108579082,1.7879355662669956,0
raptor,3.0,70121.16223643001,0.8929486325823297,1.790943562397308,0
raptor,3.25,67922.61678685134,0.9218519382225125,1.7938749563300795,0
raptor,3.5,65780.3904948051,0.9518732780865562,1.7967312580528079,0
raptor,3.75,63693.36663727341,0.9830630604076401,1.7995139565295168,0
raptor,4.0,61660.44413046505,1.0154742933998329,1.802224519871928,0
raptor,4.25,59680.53740176275,1.0491627364644753,1.8048643955101977,0
raptor,4.5,57752.57626199698,1.0841870611979305,1.8074350103632186,0
raptor,4.75,55875.50577804564,1.1206090229022343,1.8099377710084872,0
raptor,5.0,54048.28614576139,1.1584936433551332,1.8123740638515329,0
raptor,5.25,52269.89256322587,1.1979094056557513,1.8147452552949135,0
raptor,5.5,50539.31510433234,1.2389284620269105,1.8170526919067715,0
raptor,5.75,48855.55859269627,1.281626855525597,1.819297700588953,0
raptor,6.0,47217.64247589497,1.3260847566896037,1.821481588744688,0
raptor,6.25,45624.600700036506,1.3723867162316616,1.8236056444458326,0
raptor,6.5,44075.48158465813,1.4206219349829832,1.8256711365996705,0
raptor,6.75,42569.34769795511,1.4708845523867793,1.8276793151152746,0
raptor,7.0,41105.275732340546,1.5232739549497867,1.8296314110694274,0
raptor,7.25,39682.35638033593,1.5778951061770041,1.8315286368721002,0
raptor,7.5,38299.69421079385,1.6348588996425317,1.8333721864314896,0
raptor,7.75,36956.40754545283,1.6942825369888548,1.835163235318611,0
raptor,8.0,35651.62833582498,1.7562899327990813,1.8369029409314481,0
raptor,8.25,34384.50204041711,1.8210121484529231,1.8385924426586586,0
raptor,8.5,33154.18750228545,1.8885878572589843,1.840232862042834,0
raptor,8.75,31959.856826925323,1.959163843354666,1.8418253029433143,0
raptor,9.0,30800.69526049539,2.032895537082652,1.843370851698554,0
raptor,9.25,29675.901068377803,2.1099475897911337,1.8448705772880443,0
raptor,9.5,28584.685414074516,2.1904944912660724,1.846325531493782,0
raptor,9.75,27526.272238440266,2.2747212332900997,1.8477367490612944,0
raptor,10.0,26499.89813925335,2.36282402313672,1.8491052478602101,0
raptor,10.25,25504.812251123938,2.4550110511534777,1.8504320290443828,0
raptor,10.5,24540.27612574161,2.5515033169665142,1.8517180772115591,0
raptor,10.75,23605.56361246199,2.652535519255639,1.8529643605625987,0
raptor,11.0,22699.96073923335,2.758357014507267,1.8541718310602369,0
raptor,11.25,21825.51219135328,2.8688717765308716,1.8553377624574103,0
raptor,11.5,20984.795984378947,2.9838077044310602,1.8564587174000426,0
raptor,11.75,20176.526293451523,3.1033387523414286,1.8575364103212793,0
raptor,12.0,19399.448482237196,3.2276482494559553,1.858572514069565,0
raptor,12.25,18652.356521116562,3.3569268238689904,1.8595686366843927,0
raptor,12.5,17934.09110049359,3.4913726925576154,1.8605263239118899,0
raptor,12.75,17243.53781747637,3.6311919628606506,1.8614470616225796,0
raptor,13.0,16579.62543307083,3.776598945909153,1.8623322781351201,0
raptor,13.25,15941.324197140315,3.927816482481185,1.8631833464496943,0
raptor,13.5,15327.644238491039,4.085076281772318,1.86400158639456,0
raptor,13.75,14737.634017546496,4.248619273592729,1.8647882666891527,0
raptor,14.0,14170.378839173023,4.418695974521881,1.8655446069269839,0
raptor,14.25,13624.999423313664,4.595566868572807,1.8662717794814632,0
raptor,14.5,13100.650531179057,4.7795028029397075,1.8669709113376427,0
raptor,14.75,12596.519644831831,4.970785399425288,1.8676430858527722,0
raptor,15.0,12111.82569808545,5.169707482167741,1.868289344448434,0
raptor,15.25,11645.817856719472,5.3765735223118005,1.868910688236922,0
raptor,15.5,11197.774346091266,5.591700100293622,1.8695080795844263,0
raptor,15.75,10767.00132429901,5.815416386435749,1.8700824436134826,0
raptor,16.0,10352.831799122747,6.048064640575882,1.870634669647051,0
raptor,16.25,9954.62458703961,6.290000731481601,1.8711656125964953,0
raptor,16.5,9571.763312675494,6.541594676833048,1.8716760942956474,0
raptor,16.75,9203.65544711956,6.803231204586236,1.8721669047830554,0
raptor,17.0,8849.73138358926,7.075310336561735,1.872638803534429,0
raptor,17.25,8509.443548992322,7.358247995136958,1.8730925206472249,0
raptor,17.5,8182.2655499892,7.65247663395458,1.873528757979229,0
raptor,17.75,7867.69135221354,7.958445893595907,1.87394819024293,0
raptor,18.0,7565.23449136079,8.276623283205215,1.8743514660574003,0
raptor,18.25,7274.427314905232,8.607494889090054,1.874739208959341,0
raptor,18.5,6994.820253254149,8.951566111362782,1.8751120183748757,0
raptor,18.75,6725.981119194094,9.309362429730749,1.8754704705536225,0
raptor,19.0,6467.494434528994,9.681430199586076,1.8758151194665094,0
raptor,19.25,6218.960782852704,10.068337479591227,1.8761464976687443,0
raptor,19.5,5979.996187439615,10.470674892004043,1.8764651171292952,0
raptor,19.75,5750.231513276819,10.889056517034462,1.876771470028179,0
raptor,20.0,5529.311892299153,11.324120822576349,1.8770660295228159,0
raptor,20.25,5316.962856636258,11.776383928646926,1.8773491615703664,0
raptor,20.5,5113.006546825871,12.2461403795727,1.8776211033167802,0
raptor,20.75,4917.108911695367,12.734026652363701,1.877882300163621,0
raptor,21.0,4728.9422927826645,13.240718972119112,1.8781331889888377,0
raptor,21.25,4548.192728324698,13.76691791096716,1.878374188408115,0
raptor,21.5,4374.559365122137,14.313349233141722,1.8786056995590519,0
raptor,21.75,4207.753896325593,14.880764768296421,1.8788281068507806,0
raptor,22.0,4047.500023971341,15.469943313963828,1.8790417786805862,0
raptor,22.25,3893.5329451492053,16.08169156809444,1.8792470681190157,0
raptor,22.5,3745.598860736743,16.7168450926397,1.879444313564899,0
raptor,22.75,3603.4545056837474,17.376269309170283,1.8796338393716363,0
raptor,23.0,3466.866699876545,18.060860527557512,1.879815956446046,0
raptor,23.25,3335.6119186584306,18.771547008768096,1.8799909628210034,0
raptor,23.5,3209.4758821228925,19.509290062864643,1.8801591442030507,0
raptor,23.75,3088.253162338813,20.275085183328766,1.8803207744960964,0
raptor,24.0,2971.74680770414,21.069963218864384,1.8804761163022758,0
raptor,24.25,2859.767983662049,21.89499158387085,1.8806254214009985,0
raptor,24.5,2752.135629048695,22.75127550881178,1.8807689312071498,0
raptor,24.75,2648.676127374861,23.639959331744365,1.8809068772093815,0
raptor,25.0,2549.2229923759137,24.56222783231142,1.88103948138938,0
raptor,25.25,2453.6165671948884,25.519307609537535,1.8811669566229547,0
raptor,25.5,2361.7037365923898,26.512468504812563,1.881289507063758,0
raptor,25.75,2273.3376516047338,27.5430250714867,1.8814073285104083,0
raptor,26.0,2188.377466098144,28.61233809254356,1.8815206087577505,0
raptor,26.25,2106.688084691627,29.721816147865706,1.8816295279329591,0
raptor,26.5,2028.1399215455363,30.87291723264767,1.881734258817154,0
raptor,26.75,1952.608669535376,32.06715042856132,1.8818349671531676,0
raptor,27.0,1879.9750793520616,33.30607762932909,1.8819318119400785,0
raptor,27.25,1810.1247480911418,34.59131532240183,1.882024945715093,0
raptor,27.5,1742.9479169125407,35.924536428500645,1.8821145148233314,0
raptor,27.75,1678.3392773717922,37.3074722008268,1.8822006596760523,0
raptor,28.0,1616.1977860417157,38.741914185797384,1.8822835149978256,0
raptor,28.25,1556.4264870603427,40.229716247225696,1.8823632100631342,0
raptor,28.5,1498.9323422574894,41.772796655919926,1.8824398689228714,0
raptor,28.75,1443.6260685281343,43.373140246728376,1.882513610621177,0
raptor,29.0,1390.4219821353322,45.03280064512781,1.8825845494030342,0
raptor,29.25,1339.2378496399006,46.75390256550764,1.882652794913028,0
raptor,29.5,1289.9947451675705,48.53864418336854,1.882718452385658,0
raptor,29.75,1242.6169137371605,50.389299583723655,1.8827816228275651,0
raptor,30.0,1197.0316403859647,52.30822128804778,1.8828424031920334,0
raptor,30.25,1153.1691248398463,54.297842862207986,1.8829008865460948,0
raptor,30.5,1110.9623614874333,56.36068160785494,1.8829571622305648,0
raptor,30.75,1070.3470244277696,58.499341339860294,1.883011316013311,0
raptor,31.0,1031.2613573718463,60.71651525242467,1.8830634302360523,0
raptor,31.25,993.6460681874449,63.01498887659467,1.8831135839549646,0
raptor,31.5,957.4442278866817,65.39764313197638,1.8831618530753658,0
raptor,31.75,922.6011738640583,67.86745747554176,1.8832083104807293,0
raptor,32.0,889.064417201741,70.42751315048498,1.883253026156279,0
raptor,32.25,856.787382574229,73.08066996268957,1.883296062202449,0
raptor,32.5,825.764374917521,75.82622578063864,1.8833374262126579,0
raptor,32.75,795.9554103407638,78.66595932465283,1.8833771714987604,0
raptor,33.0,767.3094559623147,81.60279460596026,1.8834153661045983,0
raptor,33.25,739.7777710677359,84.63973693577057,1.883452075017791,0
raptor,33.5,713.3137976020131,87.77987492264816,1.8834873603157454,0
raptor,33.75,687.8730562044191,91.02638251249711,1.8835212813042754,0
raptor,34.0,663.4130474898392,94.38252107193125,1.8835538946492283,0
raptor,34.25,639.893158297082,97.85164151580742,1.8835852545014853,0
raptor,34.5,617.2745726403115,101.43718647971859,1.8836154126156943,0
raptor,34.75,595.52018711452,105.14269253825132,1.883644418463062,0
raptor,35.0,574.5945305198164,108.97179246982833,1.8836723193385216,0
raptor,35.25,554.4636874824339,112.92821756895952,1.8836991604625715,0
raptor,35.5,535.0952258625884,117.01580000675095,1.8837249850780646,0
raptor,35.75,516.4581277510031,121.23847524051725,1.8837498345422132,0
raptor,36.0,498.5227238667477,125.60028447337217,1.883773748414059,0
raptor,36.25,481.26063117941095,130.1053771646689,1.883796764537642,0
raptor,36.5,464.64469358825875,134.75801359218644,1.883818919121097,0
raptor,36.75,448.6489255002115,139.56256746696334,1.8838402468118811,0
raptor,37.0,433.24845815705714,144.5235286017,1.8838607807683385,0
raptor,37.25,418.41948857048186,149.6455056336521,1.8838805527277873,0
raptor,37.5,404.1392309310967,154.93322880296986,1.8838995930713065,0
raptor,37.75,390.38587036493453,160.39155278742916,1.8839179308853948,0
raptor,38.0,377.1385189176503,166.0254595945317,1.883935594020658,0
raptor,38.25,364.37717365311045,171.84006151195794,1.8839526091476773,0
raptor,38.5,352.082676759133,177.84060411736704,1.8839690018102024,0
raptor,38.75,340.23667755884713,184.03246934855838,1.883984796475803,0
raptor,39.0,328.8215963315534,190.42117863502216,1.884000016584106,0
raptor,39.25,317.82058985207453,197.01239609191785,1.8840146845927452,0
raptor,39.5,307.217518562409,203.8119317775304,1.8840288220211314,0
raptor,39.75,296.99691529401895,210.82574501528782,1.884042449492156,0
raptor,40.0,287.1439554634397,218.05994778140547,1.8840555867719302,0
raptor,40.25,277.6444286678973,225.5208081592732,1.8840682528076576,0
raptor,40.5,268.4847116115104,233.21475386168498,1.8840804657637327,0
raptor,40.75,259.6517422962357,241.14837582205445,1.884092243056153,0
raptor,41.0,251.13299541517796,249.3284318557512,1.8841036013853278,0
raptor,41.25,242.91645888911162,257.7618503927174,1.8841145567673625,0
raptor,41.5,234.99061149011334,266.45573428255125,1.8841251245638946,0
raptor,41.75,227.34440149912496,275.4173646732395,1.8841353195105492,0
raptor,42.0,219.96722634699285,284.65420496474735,1.8841451557440854,0
raptor,42.25,212.84891319111756,294.1739048386969,1.8841546468282933,0
raptor,42.5,205.9797003823125,303.9843043653665,1.884163805778705,0
raptor,42.75,199.3502197787757,314.093438189278,1.8841726450861762,0
raptor,43.0,192.95147986629368,324.5095397946305,1.884181176739393,0
raptor,43.25,186.77484964584943,335.24104585188894,1.8841894122463536,0
raptor,43.5,180.81204325179618,346.2966006468259,1.884197362654879,0
raptor,43.75,175.05510526561304,357.68506059333754,1.8842050385721938,0
raptor,44.0,169.4963966920168,369.41549883138606,1.8842124501836253,0
raptor,44.25,164.1285815658824,381.497209911425,1.8842196072704602,0
raptor,44.5,158.9446141600066,393.9397145666787,1.8842265192270014,0
raptor,44.75,153.93772676523963,406.7527645746861,1.884233195076861,0
raptor,45.0,149.10141801594327,419.9463477095071,1.8842396434885267,0
raptor,45.25,144.42944173506737,433.5306927860339,1.8842458727902345,0
raptor,45.5,139.91579627442025,447.51627479785304,1.884251890984182,0
raptor,45.75,135.55471432691203,461.9138201501328,1.8842577057601122,0
raptor,46.0,131.3406531887007,476.7343119890212,1.8842633245082965,0
raptor,46.25,127.26828545025629,491.98899562905825,1.8842687543319476,0
raptor,46.5,123.33249009638683,507.6893840801341,1.8842740020590862,0
raptor,46.75,119.52834399624878,523.8472636755424,1.8842790742538864,0
raptor,47.0,115.85111376529368,540.4746998026856,1.8842839772275277,0
raptor,47.25,112.29624798197992,557.5840427380226,1.884288717048572,0
raptor,47.5,108.8578208293705,575.1961178081023,1.884293301618109,0
raptor,47.75,105.52560245755036,593.3592841537367,1.884297744575938,0
raptor,48.0,102.29563402712486,612.0945095027311,1.8843020512005118,0
raptor,48.25,99.16477036569029,631.4197643296081,1.8843062256853937,0
raptor,48.5,96.12996327893501,651.3535821543857,1.8843102720948428,0
raptor,48.75,93.18825855322542,671.9150771375442,1.8843141943678103,0
raptor,49.0,90.33679305105952,693.1239622233801,1.8843179963218133,0
raptor,49.25,87.57279189650264,715.0005678487965,1.884321681656686,0
raptor,49.5,84.89356574781098,737.5658612351127,1.8843252539582176,0
raptor,49.75,82.29650815453691,760.8414662809969,1.8843287167016753,0
raptor,50.0,79.77909299649131,784.8496840752209,1.8843320732552193,0
